Date,Participant,Session,Block,Trial,Target,Stimulus,Stimulus Color,Reaction Time,stimulus presentation,blank presentation,jitter
20170124,0,1,0,0,D,p,cyan,0.0,1.0,0.3,0.19183465716974057
20170124,0,1,0,1,D,D,black,0.59651994705200195,1.0,0.3,0.0858621868656684
20170124,0,1,0,2,D,R,yellow,0.0,1.0,0.3,0.1638387955564377
20170124,0,1,0,3,D,W,cyan,0.0,1.0,0.3,0.13421366616806402
20170124,0,1,0,4,D,D,cyan,0.41346096992492676,1.0,0.3,0.10398236935607748
20170124,0,1,0,5,D,P,yellow,0.0,1.0,0.3,0.028203020998626573
20170124,0,1,0,6,D,W,red,0.0,1.0,0.3,0.14791584066019997
20170124,0,1,0,7,D,r,black,0.0,1.0,0.3,0.1458537560838696
20170124,0,1,0,8,D,t,black,0.0,1.0,0.3,0.08580151112410227
20170124,0,1,0,9,D,w,black,0.0,1.0,0.3,0.033377168762558876
20170124,0,1,1,0,D,X,magenta,0.0020389556884765625,1.0,0.3,0.03100787483439902
20170124,0,1,1,1,D,P,black,0.59651994705200195,1.0,0.3,0.1330992704244759
20170124,0,1,1,2,D,x,red,0.0,1.0,0.3,0.10275292495622342
20170124,0,1,1,3,D,d,cyan,0.41361188888549805,1.0,0.3,0.16653936003018904
20170124,0,1,1,4,D,q,red,0.41346096992492676,1.0,0.3,0.029651840049434042
20170124,0,1,1,5,D,X,magenta,0.0,1.0,0.3,0.007863757474843514
20170124,0,1,1,6,D,d,cyan,0.39399313926696777,1.0,0.3,0.11528517138855876
20170124,0,1,1,7,D,X,cyan,0.0,1.0,0.3,0.013993804865119697
20170124,0,1,1,8,D,Q,cyan,0.0,1.0,0.3,0.05148658777918609
20170124,0,1,1,9,D,D,yellow,0.42957115173339844,1.0,0.3,0.041459396620373706
20170124,0,1,2,0,A,q,red,0.0020389556884765625,1.0,0.3,0.06410818341792464
20170124,0,1,2,1,A,X,yellow,0.59651994705200195,1.0,0.3,0.03279922453611546
20170124,0,1,2,2,A,D,red,0.0,1.0,0.3,0.06939553893774701
20170124,0,1,2,3,A,t,red,0.41361188888549805,1.0,0.3,0.02726307039363403
20170124,0,1,2,4,A,W,magenta,0.41346096992492676,1.0,0.3,0.13554935205621285
20170124,0,1,2,5,A,p,red,0.0,1.0,0.3,0.16058398180578737
20170124,0,1,2,6,A,q,black,0.39399313926696777,1.0,0.3,0.07271851604664573
20170124,0,1,2,7,A,T,red,0.0,1.0,0.3,0.17479301440087802
20170124,0,1,2,8,A,r,cyan,0.0,1.0,0.3,0.15815796467194043
20170124,0,1,2,9,A,w,magenta,0.42957115173339844,1.0,0.3,0.13029495429328386
20170201,122,1,0,0,A,G,red,0.0,0.4,0.1,0.0900542340218765
20170201,122,1,0,1,A,t,yellow,0.0,0.4,0.1,0.03739938870847777
20170201,122,1,0,2,A,p,cyan,0.0,0.4,0.1,0.01864417333841728
20170201,122,1,0,3,A,H,red,0.0,0.4,0.1,0.14148341298968248
20170201,122,1,0,4,A,s,red,0.0,0.4,0.1,0.06760114844901932
20170201,122,1,0,5,A,q,red,0.0,0.4,0.1,0.0012762851696239254
20170201,122,1,0,6,A,d,magenta,0.0,0.4,0.1,0.11222134506845699
20170201,122,1,0,7,A,G,magenta,0.0,0.4,0.1,0.028652210400525235
20170201,122,1,0,8,A,S,red,0.0,0.4,0.1,0.15007851512398843
20170201,122,1,0,9,A,d,yellow,0.0,0.4,0.1,0.1374675162263018
20170201,122,1,0,10,A,g,red,0.0,0.4,0.1,0.17972895328909447
20170201,122,1,0,11,A,D,magenta,0.0,0.4,0.1,0.04511821250738806
20170201,122,1,0,12,A,X,cyan,0.0,0.4,0.1,0.13739408347807042
20170201,122,1,0,13,A,w,magenta,0.0,0.4,0.1,0.19831113174218618
20170201,122,1,0,14,A,x,black,0.0,0.4,0.1,0.1208181173382371
20170201,122,1,0,15,A,X,black,0.0,0.4,0.1,0.03514591556675861
20170201,122,1,0,16,A,s,yellow,0.0,0.4,0.1,0.06828509167729882
20170201,122,1,0,17,A,p,cyan,0.0,0.4,0.1,0.06717509046848578
20170201,122,1,0,18,A,G,magenta,0.0,0.4,0.1,0.11985663239258422
20170201,122,1,0,19,A,s,cyan,0.0,0.4,0.1,0.17410412341437612
20170201,122,1,0,20,A,s,magenta,0.0,0.4,0.1,0.057846408968713625
20170201,122,1,0,21,A,d,cyan,0.0,0.4,0.1,0.10678099012813579
20170201,122,1,0,22,A,w,black,0.0,0.4,0.1,0.15694242656504928
20170201,122,1,0,23,A,G,red,0.0,0.4,0.1,0.16254860861713982
20170201,122,1,0,24,A,Q,yellow,0.0,0.4,0.1,0.08532985086884987
20170201,122,1,0,25,A,d,cyan,0.0,0.4,0.1,0.17005596451465452
20170201,122,1,0,26,A,X,yellow,0.0,0.4,0.1,0.028721462414298474
20170201,122,1,0,27,A,p,cyan,0.0,0.4,0.1,0.024420227754285942
20170201,122,1,0,28,A,d,red,0.0,0.4,0.1,0.12729949897779633
20170201,122,1,0,29,A,D,black,0.0,0.4,0.1,0.11221424915675784
20170201,122,1,1,0,D,p,black,0.0,0.4,0.1,0.0421659412857875
20170201,122,1,1,1,D,f,magenta,0.0,0.4,0.1,0.07341632975229984
20170201,122,1,1,2,D,w,cyan,0.0,0.4,0.1,0.05412806421534136
20170201,122,1,1,3,D,d,yellow,0.47965312004089355,0.4,0.1,0.036298746378886484
20170201,122,1,1,4,D,T,red,0.0,0.4,0.1,0.09727246055874915
20170201,122,1,1,5,D,p,cyan,0.0,0.4,0.1,0.10461210138814653
20170201,122,1,1,6,D,x,cyan,0.0,0.4,0.1,0.012280906724485764
20170201,122,1,1,7,D,x,magenta,0.0,0.4,0.1,0.13345084695801
20170201,122,1,1,8,D,G,black,0.0,0.4,0.1,0.013935594295046783
20170201,122,1,1,9,D,d,cyan,0.42997217178344727,0.4,0.1,0.18727473340055348
20170201,122,1,1,10,D,f,magenta,0.0,0.4,0.1,0.09745896702436951
20170201,122,1,1,11,D,r,yellow,0.0,0.4,0.1,0.008494602537253848
20170201,122,1,1,12,D,F,cyan,0.0,0.4,0.1,0.09126851441499251
20170201,122,1,1,13,D,t,black,0.0,0.4,0.1,0.07452047939070579
20170201,122,1,1,14,D,r,yellow,0.0,0.4,0.1,0.13991817958216723
20170201,122,1,1,15,D,F,yellow,0.0,0.4,0.1,0.153324758430561
20170201,122,1,1,16,D,s,red,0.0,0.4,0.1,0.19837706002866648
20170201,122,1,1,17,D,S,cyan,0.0,0.4,0.1,0.19692612094513598
20170201,122,1,1,18,D,A,black,0.0,0.4,0.1,0.14980245172298084
20170201,122,1,1,19,D,F,magenta,0.0,0.4,0.1,0.1915562006298465
20170201,122,1,1,20,D,W,black,0.0,0.4,0.1,0.17898615145321012
20170201,122,1,1,21,D,x,red,0.0,0.4,0.1,0.12113502129598225
20170201,122,1,1,22,D,s,red,0.0,0.4,0.1,0.18693903620699642
20170201,122,1,1,23,D,X,red,0.0,0.4,0.1,0.13055332729041896
20170201,122,1,1,24,D,P,black,0.0,0.4,0.1,0.15544531658724892
20170201,122,1,1,25,D,w,black,0.0,0.4,0.1,0.16955701217460023
20170201,122,1,1,26,D,w,red,0.0,0.4,0.1,0.04205316014222225
20170201,122,1,1,27,D,p,magenta,0.0,0.4,0.1,0.10853344692525815
20170201,122,1,1,28,D,T,yellow,0.0,0.4,0.1,0.046258066886386943
20170201,122,1,1,29,D,P,cyan,0.0,0.4,0.1,0.08382631068723818
20170201,122,1,2,0,T,Q,red,0.0,0.4,0.1,0.059899482829778465
20170201,122,1,2,1,T,w,magenta,0.0,0.4,0.1,0.09179151859319652
20170201,122,1,2,2,T,T,yellow,0.0,0.4,0.1,0.018083494165928204
20170201,122,1,2,3,T,X,yellow,0.47965312004089355,0.4,0.1,0.13357870724200324
20170201,122,1,2,4,T,q,magenta,0.51353001594543457,0.4,0.1,0.055874150445877895
20170201,122,1,2,5,T,H,yellow,0.0,0.4,0.1,0.1874355455452779
20170201,122,1,2,6,T,d,magenta,0.0,0.4,0.1,0.15786055944781469
20170201,122,1,2,7,T,s,cyan,0.0,0.4,0.1,0.16649838797140104
20170201,122,1,2,8,T,s,black,0.0,0.4,0.1,0.10820012248698302
20170201,122,1,2,9,T,x,magenta,0.42997217178344727,0.4,0.1,0.03816337136578163
20170201,122,1,2,10,T,t,black,0.0,0.4,0.1,0.04423389251190444
20170201,122,1,2,11,T,p,red,0.0,0.4,0.1,0.10682453856261637
20170201,122,1,2,12,T,G,black,0.0,0.4,0.1,0.024403604639512546
20170201,122,1,2,13,T,F,red,0.0,0.4,0.1,0.028100735270588963
20170201,122,1,2,14,T,p,yellow,0.0,0.4,0.1,0.08491297515913221
20170201,122,1,2,15,T,t,magenta,0.0,0.4,0.1,0.09001982369739821
20170201,122,1,2,16,T,x,yellow,0.0,0.4,0.1,0.17709152039798415
20170201,122,1,2,17,T,x,black,0.0,0.4,0.1,0.03695246418269893
20170201,122,1,2,18,T,H,yellow,0.0,0.4,0.1,0.16170840127923425
20170201,122,1,2,19,T,W,red,0.0,0.4,0.1,0.07836918301547974
20170201,122,1,2,20,T,D,black,0.0,0.4,0.1,0.12192218570978837
20170201,122,1,2,21,T,f,black,0.0,0.4,0.1,0.16219603874893326
20170201,122,1,2,22,T,t,magenta,0.0,0.4,0.1,0.1657852358430841
20170201,122,1,2,23,T,R,black,0.0,0.4,0.1,0.07873731678294615
20170201,122,1,2,24,T,Q,magenta,0.57987809181213379,0.4,0.1,0.0779752902420689
20170201,122,1,2,25,T,T,red,0.0,0.4,0.1,0.021376804290907405
20170201,122,1,2,26,T,R,red,0.0,0.4,0.1,0.15161416507419417
20170201,122,1,2,27,T,f,yellow,0.0,0.4,0.1,0.19919098091787174
20170201,122,1,2,28,T,d,yellow,0.0,0.4,0.1,0.17046402309506936
20170201,122,1,2,29,T,x,cyan,0.0,0.4,0.1,0.002039940102750215
20170201,122,1,3,0,X,X,red,0.0,0.4,0.1,0.10857781646060781
20170201,122,1,3,1,X,P,magenta,0.0,0.4,0.1,0.05315141388982452
20170201,122,1,3,2,X,p,magenta,0.0,0.4,0.1,0.12795822586025207
20170201,122,1,3,3,X,t,black,0.47965312004089355,0.4,0.1,0.1281925319856781
20170201,122,1,3,4,X,g,magenta,0.51353001594543457,0.4,0.1,0.16714340645407336
20170201,122,1,3,5,X,D,magenta,0.0,0.4,0.1,0.03236224258424789
20170201,122,1,3,6,X,R,magenta,0.0,0.4,0.1,0.18876320784135217
20170201,122,1,3,7,X,S,black,0.0,0.4,0.1,0.06919723347041727
20170201,122,1,3,8,X,w,red,0.0,0.4,0.1,0.06444121850845119
20170201,122,1,3,9,X,S,black,0.42997217178344727,0.4,0.1,0.11855911944525593
20170201,122,1,3,10,X,Q,red,0.0,0.4,0.1,0.19977260281403186
20170201,122,1,3,11,X,D,magenta,0.0,0.4,0.1,0.032534998751686195
20170201,122,1,3,12,X,F,red,0.0,0.4,0.1,0.11747541407255034
20170201,122,1,3,13,X,S,magenta,0.0,0.4,0.1,0.1239217284199679
20170201,122,1,3,14,X,d,cyan,0.0,0.4,0.1,0.1228064976870634
20170201,122,1,3,15,X,a,black,0.0,0.4,0.1,0.09467378956388672
20170201,122,1,3,16,X,d,magenta,0.0,0.4,0.1,0.19413038414620049
20170201,122,1,3,17,X,f,red,0.0,0.4,0.1,0.0005497699961094727
20170201,122,1,3,18,X,S,yellow,0.0,0.4,0.1,0.1480124410872252
20170201,122,1,3,19,X,q,cyan,0.0,0.4,0.1,0.12782674479709524
20170201,122,1,3,20,X,D,red,0.0,0.4,0.1,0.09237365679253401
20170201,122,1,3,21,X,H,red,0.0,0.4,0.1,0.17446535617931833
20170201,122,1,3,22,X,W,yellow,0.0,0.4,0.1,0.18031867004925156
20170201,122,1,3,23,X,a,magenta,0.0,0.4,0.1,0.17847589268515004
20170201,122,1,3,24,X,a,cyan,0.57987809181213379,0.4,0.1,0.06378836823958754
20170201,122,1,3,25,X,w,black,0.0,0.4,0.1,0.1962011615521461
20170201,122,1,3,26,X,a,cyan,0.0,0.4,0.1,0.0554651681629964
20170201,122,1,3,27,X,R,red,0.0,0.4,0.1,0.016666078310757882
20170201,122,1,3,28,X,X,magenta,0.51292991638183594,0.4,0.1,0.16320917237886762
20170201,122,1,3,29,X,X,yellow,0.46328282356262207,0.4,0.1,0.07871220639486774
20170201,122,1,4,0,A,s,yellow,0.0,0.4,0.1,0.19866564409056287
20170201,122,1,4,1,A,S,yellow,0.0,0.4,0.1,0.14839231660707522
20170201,122,1,4,2,A,d,red,0.0,0.4,0.1,0.09084018334429234
20170201,122,1,4,3,A,f,black,0.47965312004089355,0.4,0.1,0.11121745339772804
20170201,122,1,4,4,A,D,magenta,0.51353001594543457,0.4,0.1,0.19573143383025074
20170201,122,1,4,5,A,X,red,0.0,0.4,0.1,0.15275054383159162
20170201,122,1,4,6,A,X,red,0.0,0.4,0.1,0.02167137741246581
20170201,122,1,4,7,A,q,magenta,0.0,0.4,0.1,0.06763158229630235
20170201,122,1,4,8,A,S,magenta,0.0,0.4,0.1,0.0003206980966407258
20170201,122,1,4,9,A,g,yellow,0.42997217178344727,0.4,0.1,0.1756972227112354
20170201,122,1,4,10,A,g,yellow,0.0,0.4,0.1,0.1462631379166483
20170201,122,1,4,11,A,x,magenta,0.0,0.4,0.1,0.028484080418238
20170201,122,1,4,12,A,w,yellow,0.0,0.4,0.1,0.049170006571716024
20170201,122,1,4,13,A,G,cyan,0.0,0.4,0.1,0.15901477271091746
20170201,122,1,4,14,A,a,cyan,0.0,0.4,0.1,0.02918658849884308
20170201,122,1,4,15,A,t,red,0.12985491752624512,0.4,0.1,0.0414447677426844
20170201,122,1,4,16,A,t,magenta,0.0,0.4,0.1,0.1246976748567028
20170201,122,1,4,17,A,F,red,0.0,0.4,0.1,0.17716511831904888
20170201,122,1,4,18,A,D,black,0.0,0.4,0.1,0.046363720649920094
20170201,122,1,4,19,A,Q,black,0.0,0.4,0.1,0.12746169158635573
20170201,122,1,4,20,A,q,yellow,0.0,0.4,0.1,0.07181266799471764
20170201,122,1,4,21,A,G,magenta,0.0,0.4,0.1,0.12967655676159803
20170201,122,1,4,22,A,W,red,0.0,0.4,0.1,0.06297806921146165
20170201,122,1,4,23,A,g,red,0.0,0.4,0.1,0.11519587263919238
20170201,122,1,4,24,A,a,magenta,0.57987809181213379,0.4,0.1,0.006653228848738735
20170201,122,1,4,25,A,d,yellow,0.37991213798522949,0.4,0.1,0.14568486687648852
20170201,122,1,4,26,A,f,yellow,0.0,0.4,0.1,0.14176131226666241
20170201,122,1,4,27,A,P,black,0.0,0.4,0.1,0.14769537702477561
20170201,122,1,4,28,A,R,red,0.51292991638183594,0.4,0.1,0.06843488956929045
20170201,122,1,4,29,A,h,red,0.46328282356262207,0.4,0.1,0.1747167888946084
20170201,122,1,5,0,D,a,black,0.0,0.4,0.1,0.06796400400085936
20170201,122,1,5,1,D,g,black,0.0,0.4,0.1,0.14071576541302702
20170201,122,1,5,2,D,T,magenta,0.0,0.4,0.1,0.19367703400587943
20170201,122,1,5,3,D,Q,black,0.47965312004089355,0.4,0.1,0.052929023251620216
20170201,122,1,5,4,D,f,yellow,0.51353001594543457,0.4,0.1,0.09741555866241547
20170201,122,1,5,5,D,t,yellow,0.0,0.4,0.1,0.02576973481966485
20170201,122,1,5,6,D,W,magenta,0.0,0.4,0.1,0.019671206174788947
20170201,122,1,5,7,D,W,cyan,0.0,0.4,0.1,0.15722828649070786
20170201,122,1,5,8,D,q,yellow,0.0,0.4,0.1,0.06814169462781423
20170201,122,1,5,9,D,w,yellow,0.42997217178344727,0.4,0.1,0.011238144439578735
20170201,122,1,5,10,D,x,magenta,0.0,0.4,0.1,0.1450229900015265
20170201,122,1,5,11,D,A,yellow,0.0,0.4,0.1,0.04631215821966972
20170201,122,1,5,12,D,r,cyan,0.0,0.4,0.1,0.1197903920174973
20170201,122,1,5,13,D,Q,magenta,0.0,0.4,0.1,0.03961750141446033
20170201,122,1,5,14,D,Q,magenta,0.2132108211517334,0.4,0.1,0.17398039692209594
20170201,122,1,5,15,D,Q,red,0.12985491752624512,0.4,0.1,0.08982380075998397
20170201,122,1,5,16,D,R,black,0.0,0.4,0.1,0.15896657106861575
20170201,122,1,5,17,D,g,yellow,0.0,0.4,0.1,0.16198858974790029
20170201,122,1,5,18,D,G,yellow,0.0,0.4,0.1,0.12600140436310212
20170201,122,1,5,19,D,R,cyan,0.0,0.4,0.1,0.1891723687327314
20170201,122,1,5,20,D,P,red,0.0,0.4,0.1,0.02061017249066235
20170201,122,1,5,21,D,s,magenta,0.0,0.4,0.1,0.1960769674690004
20170201,122,1,5,22,D,F,magenta,0.0,0.4,0.1,0.15381067273348947
20170201,122,1,5,23,D,D,yellow,0.49639296531677246,0.4,0.1,0.13154434016470679
20170201,122,1,5,24,D,q,red,0.57987809181213379,0.4,0.1,0.04300002717699632
20170201,122,1,5,25,D,p,red,0.37991213798522949,0.4,0.1,0.10063632736408526
20170201,122,1,5,26,D,R,magenta,0.0,0.4,0.1,0.1640485301224475
20170201,122,1,5,27,D,s,cyan,0.0,0.4,0.1,0.0843148563464204
20170201,122,1,5,28,D,Q,red,0.51292991638183594,0.4,0.1,0.14018180617323517
20170201,122,1,5,29,D,R,red,0.46328282356262207,0.4,0.1,0.006901363521237536
20170201,122,1,6,0,T,d,black,0.0,0.4,0.1,0.07036005228251592
20170201,122,1,6,1,T,d,black,0.0,0.4,0.1,0.13129486469309518
20170201,122,1,6,2,T,x,red,0.0,0.4,0.1,0.11872947870683184
20170201,122,1,6,3,T,t,cyan,0.596405029296875,0.4,0.1,0.12800410554174696
20170201,122,1,6,4,T,x,black,0.51353001594543457,0.4,0.1,0.15052976778762192
20170201,122,1,6,5,T,G,magenta,0.0,0.4,0.1,0.13314598557457355
20170201,122,1,6,6,T,q,black,0.0,0.4,0.1,0.04018748948129883
20170201,122,1,6,7,T,R,cyan,0.0,0.4,0.1,0.11242557008913788
20170201,122,1,6,8,T,x,cyan,0.0,0.4,0.1,0.15983468987158245
20170201,122,1,6,9,T,Q,red,0.42997217178344727,0.4,0.1,0.07484130791154775
20170201,122,1,6,10,T,q,cyan,0.0,0.4,0.1,0.029872831391717505
20170201,122,1,6,11,T,H,cyan,0.0,0.4,0.1,0.11985146350168113
20170201,122,1,6,12,T,R,yellow,0.0,0.4,0.1,0.03865895047254789
20170201,122,1,6,13,T,d,red,0.0,0.4,0.1,0.018004892358058557
20170201,122,1,6,14,T,w,magenta,0.2132108211517334,0.4,0.1,0.054897144322038696
20170201,122,1,6,15,T,Q,magenta,0.12985491752624512,0.4,0.1,0.12425188844980417
20170201,122,1,6,16,T,W,black,0.0,0.4,0.1,0.12756888301964084
20170201,122,1,6,17,T,t,red,0.0,0.4,0.1,0.04775207155753985
20170201,122,1,6,18,T,X,yellow,0.26343107223510742,0.4,0.1,0.035285563601577044
20170201,122,1,6,19,T,t,cyan,0.0,0.4,0.1,0.01086777030166719
20170201,122,1,6,20,T,R,magenta,0.013207912445068359,0.4,0.1,0.09093436467602073
20170201,122,1,6,21,T,A,red,0.0,0.4,0.1,0.14081466323832714
20170201,122,1,6,22,T,W,black,0.0,0.4,0.1,0.1896963085878231
20170201,122,1,6,23,T,G,cyan,0.49639296531677246,0.4,0.1,0.12444063427341641
20170201,122,1,6,24,T,H,cyan,0.57987809181213379,0.4,0.1,0.1993491604962255
20170201,122,1,6,25,T,d,black,0.37991213798522949,0.4,0.1,0.07380042555451719
20170201,122,1,6,26,T,a,black,0.0,0.4,0.1,0.15505451228366665
20170201,122,1,6,27,T,W,yellow,0.0,0.4,0.1,0.12417463794036948
20170201,122,1,6,28,T,R,yellow,0.51292991638183594,0.4,0.1,0.0003128012012887371
20170201,122,1,6,29,T,H,cyan,0.46328282356262207,0.4,0.1,0.10606665813377632
20170201,122,1,7,0,X,R,magenta,0.0,0.4,0.1,0.13749959326683306
20170201,122,1,7,1,X,t,magenta,0.0,0.4,0.1,0.06733430507067328
20170201,122,1,7,2,X,X,magenta,0.046790838241577148,0.4,0.1,0.12579455725819927
20170201,122,1,7,3,X,s,red,0.596405029296875,0.4,0.1,0.1632544042101518
20170201,122,1,7,4,X,w,cyan,0.51353001594543457,0.4,0.1,0.005015729544631586
20170201,122,1,7,5,X,F,cyan,0.0,0.4,0.1,0.1991630279338635
20170201,122,1,7,6,X,R,black,0.0,0.4,0.1,0.1768180371720526
20170201,122,1,7,7,X,S,black,0.0,0.4,0.1,0.0490729877226664
20170201,122,1,7,8,X,g,yellow,0.0,0.4,0.1,0.06460487027124613
20170201,122,1,7,9,X,S,yellow,0.42997217178344727,0.4,0.1,0.10526525373007456
20170201,122,1,7,10,X,X,magenta,0.0,0.4,0.1,0.13269069285399887
20170201,122,1,7,11,X,W,red,0.0,0.4,0.1,0.1532792480013393
20170201,122,1,7,12,X,p,cyan,0.0,0.4,0.1,0.09206085614480329
20170201,122,1,7,13,X,r,cyan,0.0,0.4,0.1,0.19478740606957934
20170201,122,1,7,14,X,F,cyan,0.2132108211517334,0.4,0.1,0.16610649931096919
20170201,122,1,7,15,X,H,cyan,0.12985491752624512,0.4,0.1,0.1093488622315013
20170201,122,1,7,16,X,D,black,0.0,0.4,0.1,0.10181388281398754
20170201,122,1,7,17,X,s,cyan,0.0,0.4,0.1,0.026281695315303624
20170201,122,1,7,18,X,D,cyan,0.26343107223510742,0.4,0.1,0.09405910135991742
20170201,122,1,7,19,X,r,black,0.0,0.4,0.1,0.05884105908146682
20170201,122,1,7,20,X,a,red,0.013207912445068359,0.4,0.1,0.03882463776109338
20170201,122,1,7,21,X,R,yellow,0.0,0.4,0.1,0.1304167064621429
20170201,122,1,7,22,X,r,magenta,0.0,0.4,0.1,0.08601763731063768
20170201,122,1,7,23,X,X,magenta,0.49639296531677246,0.4,0.1,0.024677165117441138
20170201,122,1,7,24,X,h,yellow,0.19691205024719238,0.4,0.1,0.1548803146191107
20170201,122,1,7,25,X,f,yellow,0.37991213798522949,0.4,0.1,0.18110064694798833
20170201,122,1,7,26,X,w,magenta,0.0,0.4,0.1,0.09209402224836871
20170201,122,1,7,27,X,G,red,0.0,0.4,0.1,0.05618522036960549
20170201,122,1,7,28,X,p,black,0.51292991638183594,0.4,0.1,0.02926763514397901
20170201,122,1,7,29,X,f,magenta,0.46328282356262207,0.4,0.1,0.11856983036137198
20170201,122,1,8,0,A,H,cyan,0.0,0.4,0.1,0.1047716144416877
20170201,122,1,8,1,A,F,yellow,0.0,0.4,0.1,0.07512193660187455
20170201,122,1,8,2,A,t,red,0.046790838241577148,0.4,0.1,0.003777865972439143
20170201,122,1,8,3,A,R,magenta,0.596405029296875,0.4,0.1,0.03476403081285686
20170201,122,1,8,4,A,R,red,0.51353001594543457,0.4,0.1,0.08537519461393389
20170201,122,1,8,5,A,g,magenta,0.0,0.4,0.1,0.04994781222385869
20170201,122,1,8,6,A,Q,red,0.0,0.4,0.1,0.010542674687353593
20170201,122,1,8,7,A,q,black,0.0,0.4,0.1,0.1593240062128466
20170201,122,1,8,8,A,s,black,0.0,0.4,0.1,0.07912655131886066
20170201,122,1,8,9,A,D,cyan,0.42997217178344727,0.4,0.1,0.04746954115062272
20170201,122,1,8,10,A,f,black,0.0,0.4,0.1,0.0046844502003060345
20170201,122,1,8,11,A,p,red,0.0,0.4,0.1,0.11422566292170021
20170201,122,1,8,12,A,T,black,0.0,0.4,0.1,0.15889137218081376
20170201,122,1,8,13,A,P,cyan,0.0,0.4,0.1,0.08923853637585782
20170201,122,1,8,14,A,g,red,0.2132108211517334,0.4,0.1,0.14105714863790736
20170201,122,1,8,15,A,X,red,0.12985491752624512,0.4,0.1,0.11601077716990252
20170201,122,1,8,16,A,x,red,0.0,0.4,0.1,0.14811077935697214
20170201,122,1,8,17,A,W,yellow,0.0,0.4,0.1,0.0762805242105305
20170201,122,1,8,18,A,r,yellow,0.26343107223510742,0.4,0.1,0.08786723157592945
20170201,122,1,8,19,A,A,magenta,0.0,0.4,0.1,0.04623316627403225
20170201,122,1,8,20,A,G,black,0.46310710906982422,0.4,0.1,0.15884063891001615
20170201,122,1,8,21,A,Q,black,0.0,0.4,0.1,0.013350372077526252
20170201,122,1,8,22,A,r,yellow,0.0,0.4,0.1,0.04931818474009615
20170201,122,1,8,23,A,W,cyan,0.49639296531677246,0.4,0.1,0.08689117843262445
20170201,122,1,8,24,A,Q,cyan,0.19691205024719238,0.4,0.1,0.15348112134703315
20170201,122,1,8,25,A,q,cyan,0.37991213798522949,0.4,0.1,0.13897393585545942
20170201,122,1,8,26,A,A,black,0.0,0.4,0.1,0.04424690147764274
20170201,122,1,8,27,A,H,black,0.0,0.4,0.1,0.15228625638001386
20170201,122,1,8,28,A,s,magenta,0.51292991638183594,0.4,0.1,0.0024343839781378884
20170201,122,1,8,29,A,h,red,0.46328282356262207,0.4,0.1,0.083487737086432
20170201,122,1,9,0,D,a,black,0.0,0.4,0.1,0.14809250730575726
20170201,122,1,9,1,D,T,cyan,0.0,0.4,0.1,0.1660978530870859
20170201,122,1,9,2,D,q,cyan,0.046790838241577148,0.4,0.1,0.10969084824805556
20170201,122,1,9,3,D,D,magenta,0.47978901863098145,0.4,0.1,0.18881643105405022
20170201,122,1,9,4,D,D,yellow,0.49651098251342773,0.4,0.1,0.1877417466359958
20170201,122,1,9,5,D,q,black,0.0,0.4,0.1,0.19909287202337098
20170201,122,1,9,6,D,w,cyan,0.0,0.4,0.1,0.07999470636338923
20170201,122,1,9,7,D,h,black,0.0,0.4,0.1,0.11808684881828085
20170201,122,1,9,8,D,h,yellow,0.0,0.4,0.1,0.05611088397926931
20170201,122,1,9,9,D,W,cyan,0.42997217178344727,0.4,0.1,0.060065962014663125
20170201,122,1,9,10,D,X,red,0.0,0.4,0.1,0.0318937835438226
20170201,122,1,9,11,D,r,black,0.0,0.4,0.1,0.16154743229415466
20170201,122,1,9,12,D,R,magenta,0.0,0.4,0.1,0.19471699734501183
20170201,122,1,9,13,D,P,black,0.0,0.4,0.1,0.072813143190632
20170201,122,1,9,14,D,H,yellow,0.2132108211517334,0.4,0.1,0.04054322535865893
20170201,122,1,9,15,D,g,yellow,0.12985491752624512,0.4,0.1,0.10968706523812002
20170201,122,1,9,16,D,w,red,0.0,0.4,0.1,0.15626418825021754
20170201,122,1,9,17,D,h,black,0.0,0.4,0.1,0.1818649584060448
20170201,122,1,9,18,D,H,yellow,0.26343107223510742,0.4,0.1,0.14042758764773985
20170201,122,1,9,19,D,w,red,0.0,0.4,0.1,0.18975433885916246
20170201,122,1,9,20,D,x,magenta,0.46310710906982422,0.4,0.1,0.029977536418934882
20170201,122,1,9,21,D,s,black,0.0,0.4,0.1,0.18120205422550434
20170201,122,1,9,22,D,H,black,0.0,0.4,0.1,0.036324244608664506
20170201,122,1,9,23,D,R,cyan,0.49639296531677246,0.4,0.1,0.16662998452030922
20170201,122,1,9,24,D,t,yellow,0.19691205024719238,0.4,0.1,0.1433687785758174
20170201,122,1,9,25,D,A,magenta,0.37991213798522949,0.4,0.1,0.12188013688313631
20170201,122,1,9,26,D,A,magenta,0.0,0.4,0.1,0.10172701827911496
20170201,122,1,9,27,D,H,yellow,0.0,0.4,0.1,0.033407795466067404
20170201,122,1,9,28,D,X,magenta,0.51292991638183594,0.4,0.1,0.07625041626890006
20170201,122,1,9,29,D,a,red,0.46328282356262207,0.4,0.1,0.1351423222043579
20170201,122,1,10,0,T,D,yellow,0.0,0.4,0.1,0.07712644474090616
20170201,122,1,10,1,T,A,magenta,0.0,0.4,0.1,0.15346470214341548
20170201,122,1,10,2,T,t,yellow,0.52991700172424316,0.4,0.1,0.1020070006406254
20170201,122,1,10,3,T,W,magenta,0.47978901863098145,0.4,0.1,0.1575551758019141
20170201,122,1,10,4,T,t,red,0.53007698059082031,0.4,0.1,0.030445340899075114
20170201,122,1,10,5,T,D,black,0.0,0.4,0.1,0.052652840692567066
20170201,122,1,10,6,T,d,black,0.0,0.4,0.1,0.05450482349954016
20170201,122,1,10,7,T,X,yellow,0.0,0.4,0.1,0.0973265564674532
20170201,122,1,10,8,T,P,magenta,0.0,0.4,0.1,0.0592818022575026
20170201,122,1,10,9,T,w,yellow,0.42997217178344727,0.4,0.1,0.006801299661207772
20170201,122,1,10,10,T,X,cyan,0.0,0.4,0.1,0.02760886942820866
20170201,122,1,10,11,T,f,cyan,0.0,0.4,0.1,0.15098454082860582
20170201,122,1,10,12,T,T,black,0.0,0.4,0.1,0.014478909887745828
20170201,122,1,10,13,T,t,cyan,0.0,0.4,0.1,0.06631263023897714
20170201,122,1,10,14,T,g,black,0.2132108211517334,0.4,0.1,0.061256426153821986
20170201,122,1,10,15,T,x,red,0.12985491752624512,0.4,0.1,0.018763245629581118
20170201,122,1,10,16,T,H,red,0.0,0.4,0.1,0.08862515682102057
20170201,122,1,10,17,T,H,black,0.0,0.4,0.1,0.06058146049679958
20170201,122,1,10,18,T,F,yellow,0.26343107223510742,0.4,0.1,0.09726989297578928
20170201,122,1,10,19,T,d,yellow,0.0,0.4,0.1,0.03537151974018027
20170201,122,1,10,20,T,R,black,0.063270092010498047,0.4,0.1,0.1814939974044337
20170201,122,1,10,21,T,x,magenta,0.0,0.4,0.1,0.015362693928102012
20170201,122,1,10,22,T,s,red,0.0,0.4,0.1,0.1326461910115906
20170201,122,1,10,23,T,x,magenta,0.49639296531677246,0.4,0.1,0.14785388161516513
20170201,122,1,10,24,T,a,magenta,0.19691205024719238,0.4,0.1,0.16706773073802517
20170201,122,1,10,25,T,R,black,0.37991213798522949,0.4,0.1,0.19925365082898153
20170201,122,1,10,26,T,A,yellow,0.0,0.4,0.1,0.19801886391208856
20170201,122,1,10,27,T,G,yellow,0.0,0.4,0.1,0.1430782387306141
20170201,122,1,10,28,T,q,yellow,0.51292991638183594,0.4,0.1,0.023154405987118487
20170201,122,1,10,29,T,r,magenta,0.46328282356262207,0.4,0.1,0.17634905367162151
20170201,122,1,11,0,X,f,red,0.0,0.4,0.1,0.19354505253492255
20170201,122,1,11,1,X,R,magenta,0.0,0.4,0.1,0.021221665016718162
20170201,122,1,11,2,X,s,magenta,0.52991700172424316,0.4,0.1,0.18315667100645588
20170201,122,1,11,3,X,F,red,0.47978901863098145,0.4,0.1,0.04071302350715229
20170201,122,1,11,4,X,w,red,0.53007698059082031,0.4,0.1,0.07974352992594483
20170201,122,1,11,5,X,R,yellow,0.0,0.4,0.1,0.1496906051225622
20170201,122,1,11,6,X,X,red,0.49664020538330078,0.4,0.1,0.04267916162630212
20170201,122,1,11,7,X,a,magenta,0.0,0.4,0.1,0.12863587841873594
20170201,122,1,11,8,X,F,red,0.0,0.4,0.1,0.16306424819582221
20170201,122,1,11,9,X,D,cyan,0.42997217178344727,0.4,0.1,0.14619662392452618
20170201,122,1,11,10,X,a,black,0.0,0.4,0.1,0.12453048182425769
20170201,122,1,11,11,X,q,yellow,0.0,0.4,0.1,0.10682847096077204
20170201,122,1,11,12,X,f,yellow,0.0,0.4,0.1,0.06791721449683084
20170201,122,1,11,13,X,s,black,0.0,0.4,0.1,0.009029225993220714
20170201,122,1,11,14,X,w,red,0.2132108211517334,0.4,0.1,0.19899957841448185
20170201,122,1,11,15,X,t,cyan,0.12985491752624512,0.4,0.1,0.1033344303642999
20170201,122,1,11,16,X,S,yellow,0.0,0.4,0.1,0.026786125667996565
20170201,122,1,11,17,X,P,magenta,0.0,0.4,0.1,0.10158569389052191
20170201,122,1,11,18,X,h,yellow,0.26343107223510742,0.4,0.1,0.16668156985007176
20170201,122,1,11,19,X,Q,black,0.0,0.4,0.1,0.11357935600898682
20170201,122,1,11,20,X,d,black,0.063270092010498047,0.4,0.1,0.0042333802605933005
20170201,122,1,11,21,X,W,cyan,0.0,0.4,0.1,0.18595284928807515
20170201,122,1,11,22,X,W,black,0.0,0.4,0.1,0.10174622094560032
20170201,122,1,11,23,X,h,yellow,0.49639296531677246,0.4,0.1,0.08731511255461849
20170201,122,1,11,24,X,w,yellow,0.19691205024719238,0.4,0.1,0.17328375305762156
20170201,122,1,11,25,X,Q,red,0.37991213798522949,0.4,0.1,0.11124386210630528
20170201,122,1,11,26,X,R,cyan,0.0,0.4,0.1,0.15472969590624988
20170201,122,1,11,27,X,Q,yellow,0.0,0.4,0.1,0.18961375903639865
20170201,122,1,11,28,X,g,cyan,0.51292991638183594,0.4,0.1,0.16935960915875803
20170201,122,1,11,29,X,p,magenta,0.46328282356262207,0.4,0.1,0.18156678374676777
20170201,122,1,12,0,A,p,yellow,0.0,0.4,0.1,0.15829056094538624
20170201,122,1,12,1,A,D,red,0.0,0.4,0.1,0.0998678370054287
20170201,122,1,12,2,A,P,cyan,0.52991700172424316,0.4,0.1,0.05690322463215576
20170201,122,1,12,3,A,t,black,0.47978901863098145,0.4,0.1,0.1663955934142347
20170201,122,1,12,4,A,S,red,0.53007698059082031,0.4,0.1,0.08994462953724097
20170201,122,1,12,5,A,W,yellow,0.0,0.4,0.1,0.17326680218652943
20170201,122,1,12,6,A,w,magenta,0.49664020538330078,0.4,0.1,0.1239532785338773
20170201,122,1,12,7,A,H,cyan,0.0,0.4,0.1,0.10365922722067088
20170201,122,1,12,8,A,p,red,0.0,0.4,0.1,0.05976129543521516
20170201,122,1,12,9,A,r,red,0.42997217178344727,0.4,0.1,0.1242314075492752
20170201,122,1,12,10,A,A,red,0.0,0.4,0.1,0.05057768373818126
20170201,122,1,12,11,A,r,magenta,0.0,0.4,0.1,0.025291685344813897
20170201,122,1,12,12,A,S,black,0.0,0.4,0.1,0.0037124270698516873
20170201,122,1,12,13,A,d,cyan,0.0,0.4,0.1,0.07180118252360872
20170201,122,1,12,14,A,t,black,0.2132108211517334,0.4,0.1,0.12719491170012467
20170201,122,1,12,15,A,g,black,0.12985491752624512,0.4,0.1,0.16504542583131565
20170201,122,1,12,16,A,x,magenta,0.66301512718200684,0.4,0.1,0.1703593626856651
20170201,122,1,12,17,A,Q,cyan,0.0,0.4,0.1,0.06550903583729617
20170201,122,1,12,18,A,w,red,0.26343107223510742,0.4,0.1,0.008019426959181498
20170201,122,1,12,19,A,p,red,0.0,0.4,0.1,0.1886425719459698
20170201,122,1,12,20,A,G,cyan,0.063270092010498047,0.4,0.1,0.11768146889321277
20170201,122,1,12,21,A,h,yellow,0.0,0.4,0.1,0.1624351376281191
20170201,122,1,12,22,A,S,yellow,0.0,0.4,0.1,0.027778958971476045
20170201,122,1,12,23,A,a,red,0.49639296531677246,0.4,0.1,0.1019201429777059
20170201,122,1,12,24,A,p,yellow,0.19691205024719238,0.4,0.1,0.09071231431999321
20170201,122,1,12,25,A,x,magenta,0.37991213798522949,0.4,0.1,0.15851268823030645
20170201,122,1,12,26,A,A,black,0.0,0.4,0.1,0.12260418402239666
20170201,122,1,12,27,A,s,magenta,0.0,0.4,0.1,0.18909162001598578
20170201,122,1,12,28,A,s,magenta,0.51292991638183594,0.4,0.1,0.030985725557449408
20170201,122,1,12,29,A,f,magenta,0.46328282356262207,0.4,0.1,0.04476730501320983
20170201,122,1,13,0,D,h,yellow,0.0,0.4,0.1,0.11593658193986384
20170201,122,1,13,1,D,D,black,0.0,0.4,0.1,0.03590158033788824
20170201,122,1,13,2,D,w,black,0.52991700172424316,0.4,0.1,0.08427856262700091
20170201,122,1,13,3,D,d,cyan,0.47978901863098145,0.4,0.1,0.02686202987537485
20170201,122,1,13,4,D,s,magenta,0.53007698059082031,0.4,0.1,0.13197843224426847
20170201,122,1,13,5,D,f,magenta,0.0,0.4,0.1,0.12993462264568856
20170201,122,1,13,6,D,f,yellow,0.49664020538330078,0.4,0.1,0.03872981295480931
20170201,122,1,13,7,D,R,magenta,0.0,0.4,0.1,0.0037367115644432406
20170201,122,1,13,8,D,r,black,0.0,0.4,0.1,0.07821947943244284
20170201,122,1,13,9,D,X,red,0.42997217178344727,0.4,0.1,0.049691416913726784
20170201,122,1,13,10,D,W,yellow,0.0,0.4,0.1,0.07463761276516112
20170201,122,1,13,11,D,g,cyan,0.0,0.4,0.1,0.14205626025078663
20170201,122,1,13,12,D,S,black,0.0,0.4,0.1,0.0443080943176019
20170201,122,1,13,13,D,g,red,0.0,0.4,0.1,0.02051356790580479
20170201,122,1,13,14,D,f,yellow,0.2132108211517334,0.4,0.1,0.056685747495975325
20170201,122,1,13,15,D,D,red,0.12985491752624512,0.4,0.1,0.11888880743600727
20170201,122,1,13,16,D,p,black,0.66301512718200684,0.4,0.1,0.1715898868412016
20170201,122,1,13,17,D,A,magenta,0.0,0.4,0.1,0.04272348826838528
20170201,122,1,13,18,D,Q,cyan,0.26343107223510742,0.4,0.1,0.09447380622502632
20170201,122,1,13,19,D,f,red,0.0,0.4,0.1,0.0834431263947066
20170201,122,1,13,20,D,f,red,0.063270092010498047,0.4,0.1,0.14028674870586474
20170201,122,1,13,21,D,X,cyan,0.0,0.4,0.1,0.18362296946937984
20170201,122,1,13,22,D,q,yellow,0.0,0.4,0.1,0.18844542240731954
20170201,122,1,13,23,D,a,black,0.49639296531677246,0.4,0.1,0.13403660666438438
20170201,122,1,13,24,D,a,cyan,0.19691205024719238,0.4,0.1,0.16406117972788814
20170201,122,1,13,25,D,W,yellow,0.37991213798522949,0.4,0.1,0.1762438570393702
20170201,122,1,13,26,D,A,yellow,0.0,0.4,0.1,0.029079460237888634
20170201,122,1,13,27,D,R,yellow,0.52991390228271484,0.4,0.1,0.09599713658974957
20170201,122,1,13,28,D,w,red,0.51292991638183594,0.4,0.1,0.048051368161084906
20170201,122,1,13,29,D,H,magenta,0.46328282356262207,0.4,0.1,0.0120120353100587
20170201,122,1,14,0,T,r,red,0.0,0.4,0.1,0.011739018961566816
20170201,122,1,14,1,T,X,yellow,0.0,0.4,0.1,0.17687601060320204
20170201,122,1,14,2,T,f,cyan,0.52991700172424316,0.4,0.1,0.06935440755577527
20170201,122,1,14,3,T,D,cyan,0.47978901863098145,0.4,0.1,0.05333841240305575
20170201,122,1,14,4,T,W,red,0.53007698059082031,0.4,0.1,0.07263901389881326
20170201,122,1,14,5,T,P,red,0.0,0.4,0.1,0.08730468934828267
20170201,122,1,14,6,T,H,yellow,0.49664020538330078,0.4,0.1,0.06273575942477681
20170201,122,1,14,7,T,w,cyan,0.0,0.4,0.1,0.15308041545495413
20170201,122,1,14,8,T,t,red,0.0,0.4,0.1,0.014362675180588803
20170201,122,1,14,9,T,A,black,0.42997217178344727,0.4,0.1,0.0300658247092082
20170201,122,1,14,10,T,A,cyan,0.0,0.4,0.1,0.1264541776845146
20170201,122,1,14,11,T,F,cyan,0.0,0.4,0.1,0.005182577282230861
20170201,122,1,14,12,T,q,cyan,0.0,0.4,0.1,0.05078986431972517
20170201,122,1,14,13,T,D,magenta,0.0,0.4,0.1,0.14437896496192093
20170201,122,1,14,14,T,d,black,0.2132108211517334,0.4,0.1,0.029610617550644938
20170201,122,1,14,15,T,H,cyan,0.12985491752624512,0.4,0.1,0.010323724968613557
20170201,122,1,14,16,T,d,magenta,0.66301512718200684,0.4,0.1,0.0971318711740745
20170201,122,1,14,17,T,G,yellow,0.0,0.4,0.1,0.1510921534810996
20170201,122,1,14,18,T,h,black,0.26343107223510742,0.4,0.1,0.14734175790833878
20170201,122,1,14,19,T,d,red,0.0,0.4,0.1,0.12568188037881334
20170201,122,1,14,20,T,D,red,0.063270092010498047,0.4,0.1,0.04111121211489404
20170201,122,1,14,21,T,r,yellow,0.0,0.4,0.1,0.09006756621166379
20170201,122,1,14,22,T,G,yellow,0.0,0.4,0.1,0.1930430237848488
20170201,122,1,14,23,T,q,cyan,0.49639296531677246,0.4,0.1,0.13987763660070074
20170201,122,1,14,24,T,W,yellow,0.19691205024719238,0.4,0.1,0.06454955483392337
20170201,122,1,14,25,T,R,black,0.37991213798522949,0.4,0.1,0.18014094215313214
20170201,122,1,14,26,T,T,cyan,0.0,0.4,0.1,0.15178130959947492
20170201,122,1,14,27,T,S,yellow,0.52991390228271484,0.4,0.1,0.1572029041351719
20170201,122,1,14,28,T,S,black,0.51292991638183594,0.4,0.1,0.19464806511700028
20170201,122,1,14,29,T,p,black,0.46328282356262207,0.4,0.1,0.013390217905290736
20170201,122,1,15,0,X,w,black,0.0,0.4,0.1,0.16395669967622192
20170201,122,1,15,1,X,s,black,0.0,0.4,0.1,0.18727641228225234
20170201,122,1,15,2,X,A,cyan,0.52991700172424316,0.4,0.1,0.004215990352354849
20170201,122,1,15,3,X,S,magenta,0.47978901863098145,0.4,0.1,0.04726139593846668
20170201,122,1,15,4,X,F,magenta,0.53007698059082031,0.4,0.1,0.06291033677207795
20170201,122,1,15,5,X,x,magenta,0.49658203125,0.4,0.1,0.12842360801826877
20170201,122,1,15,6,X,Q,magenta,0.49664020538330078,0.4,0.1,0.016279185674479658
20170201,122,1,15,7,X,d,cyan,0.0,0.4,0.1,0.14009786786881273
20170201,122,1,15,8,X,r,black,0.0,0.4,0.1,0.09520033012628266
20170201,122,1,15,9,X,T,cyan,0.42997217178344727,0.4,0.1,0.14623171883996552
20170201,122,1,15,10,X,A,yellow,0.0,0.4,0.1,0.13226637281519435
20170201,122,1,15,11,X,Q,red,0.0,0.4,0.1,0.031460538505967396
20170201,122,1,15,12,X,D,red,0.0,0.4,0.1,0.023679438705728664
20170201,122,1,15,13,X,A,yellow,0.0,0.4,0.1,0.1562371570613379
20170201,122,1,15,14,X,D,magenta,0.2132108211517334,0.4,0.1,0.13295358225346096
20170201,122,1,15,15,X,d,red,0.12985491752624512,0.4,0.1,0.18625233245099207
20170201,122,1,15,16,X,g,black,0.66301512718200684,0.4,0.1,0.054005928533417374
20170201,122,1,15,17,X,Q,red,0.0,0.4,0.1,0.12751773893686927
20170201,122,1,15,18,X,h,red,0.26343107223510742,0.4,0.1,0.18484817359606603
20170201,122,1,15,19,X,R,cyan,0.0,0.4,0.1,0.18254206972279444
20170201,122,1,15,20,X,g,black,0.063270092010498047,0.4,0.1,0.020912909238430744
20170201,122,1,15,21,X,R,magenta,0.0,0.4,0.1,0.0764939413001517
20170201,122,1,15,22,X,D,black,0.0,0.4,0.1,0.10713904412579274
20170201,122,1,15,23,X,d,red,0.49639296531677246,0.4,0.1,0.008249667660968863
20170201,122,1,15,24,X,X,cyan,0.19691205024719238,0.4,0.1,0.12511966491130286
20170201,122,1,15,25,X,X,magenta,0.61327600479125977,0.4,0.1,0.12191987422602774
20170201,122,1,15,26,X,s,cyan,0.0,0.4,0.1,0.046271736729926995
20170201,122,1,15,27,X,d,yellow,0.52991390228271484,0.4,0.1,0.06821516962202137
20170201,122,1,15,28,X,f,yellow,0.51292991638183594,0.4,0.1,0.0622761894363278
20170201,122,1,15,29,X,w,black,0.46328282356262207,0.4,0.1,0.10481426481943448
20170201,122,1,16,0,A,p,magenta,0.0,0.4,0.1,0.11267720674973339
20170201,122,1,16,1,A,g,magenta,0.0,0.4,0.1,0.14655336242248287
20170201,122,1,16,2,A,p,black,0.52991700172424316,0.4,0.1,0.09721888181519084
20170201,122,1,16,3,A,S,black,0.47978901863098145,0.4,0.1,0.05005159691168644
20170201,122,1,16,4,A,R,red,0.53007698059082031,0.4,0.1,0.1303254688666626
20170201,122,1,16,5,A,P,black,0.49658203125,0.4,0.1,0.1091858705130429
20170201,122,1,16,6,A,X,cyan,0.49664020538330078,0.4,0.1,0.19771083801006115
20170201,122,1,16,7,A,S,red,0.0,0.4,0.1,0.13871270638861233
20170201,122,1,16,8,A,G,magenta,0.0,0.4,0.1,0.12365473078950431
20170201,122,1,16,9,A,Q,magenta,0.42997217178344727,0.4,0.1,0.11767281358283786
20170201,122,1,16,10,A,w,red,0.0,0.4,0.1,0.07549879858699078
20170201,122,1,16,11,A,f,magenta,0.0,0.4,0.1,0.17323348624589122
20170201,122,1,16,12,A,x,cyan,0.0,0.4,0.1,0.011047651853748008
20170201,122,1,16,13,A,D,red,0.0,0.4,0.1,0.051694085782676605
20170201,122,1,16,14,A,w,yellow,0.2132108211517334,0.4,0.1,0.007936476053588782
20170201,122,1,16,15,A,Q,black,0.12985491752624512,0.4,0.1,0.18544716974960615
20170201,122,1,16,16,A,W,cyan,0.66301512718200684,0.4,0.1,0.12741025191397568
20170201,122,1,16,17,A,f,red,0.0,0.4,0.1,0.07494307562483186
20170201,122,1,16,18,A,p,magenta,0.26343107223510742,0.4,0.1,0.1862591629737429
20170201,122,1,16,19,A,t,black,0.0,0.4,0.1,0.07186399204157934
20170201,122,1,16,20,A,h,cyan,0.063270092010498047,0.4,0.1,0.054443783590172594
20170201,122,1,16,21,A,s,yellow,0.0,0.4,0.1,0.05242185913003888
20170201,122,1,16,22,A,w,magenta,0.0,0.4,0.1,0.10244652194386386
20170201,122,1,16,23,A,a,cyan,0.44661593437194824,0.4,0.1,0.08595084695292883
20170201,122,1,16,24,A,T,black,0.19691205024719238,0.4,0.1,0.16866032699912856
20170201,122,1,16,25,A,a,black,0.47979402542114258,0.4,0.1,0.10469532996131858
20170201,122,1,16,26,A,D,red,0.0,0.4,0.1,0.06675869679771784
20170201,122,1,16,27,A,f,black,0.52991390228271484,0.4,0.1,0.11016942806715846
20170201,122,1,16,28,A,T,magenta,0.51292991638183594,0.4,0.1,0.18464470588433435
20170201,122,1,16,29,A,S,magenta,0.46328282356262207,0.4,0.1,0.015756201134266103
20170201,122,1,17,0,D,T,black,0.0020098686218261719,0.4,0.1,0.14980242639754304
20170201,122,1,17,1,D,t,yellow,0.0,0.4,0.1,0.1005883545683092
20170201,122,1,17,2,D,t,yellow,0.52991700172424316,0.4,0.1,0.1859854501153615
20170201,122,1,17,3,D,q,yellow,0.47978901863098145,0.4,0.1,0.1974324268718144
20170201,122,1,17,4,D,R,yellow,0.53007698059082031,0.4,0.1,0.04203740475748932
20170201,122,1,17,5,D,S,cyan,0.49658203125,0.4,0.1,0.04579155399718296
20170201,122,1,17,6,D,h,yellow,0.49664020538330078,0.4,0.1,0.03306311184946829
20170201,122,1,17,7,D,G,red,0.0,0.4,0.1,0.06117858803817944
20170201,122,1,17,8,D,q,red,0.0,0.4,0.1,0.013871288961409234
20170201,122,1,17,9,D,S,magenta,0.42997217178344727,0.4,0.1,0.1530869497229999
20170201,122,1,17,10,D,D,cyan,0.44660711288452148,0.4,0.1,0.19731963397844485
20170201,122,1,17,11,D,s,magenta,0.0,0.4,0.1,0.12909530604495195
20170201,122,1,17,12,D,x,cyan,0.0,0.4,0.1,0.0826561928785439
20170201,122,1,17,13,D,D,black,0.56310200691223145,0.4,0.1,0.08036420831790243
20170201,122,1,17,14,D,S,cyan,0.2132108211517334,0.4,0.1,0.10389635363466948
20170201,122,1,17,15,D,q,red,0.12985491752624512,0.4,0.1,0.04365160885722444
20170201,122,1,17,16,D,f,red,0.66301512718200684,0.4,0.1,0.03952446613741714
20170201,122,1,17,17,D,H,yellow,0.0,0.4,0.1,0.15428347602602782
20170201,122,1,17,18,D,a,magenta,0.26343107223510742,0.4,0.1,0.05882890112200419
20170201,122,1,17,19,D,d,yellow,0.54674601554870605,0.4,0.1,0.08096117082597121
20170201,122,1,17,20,D,f,yellow,0.063270092010498047,0.4,0.1,0.10410751771860259
20170201,122,1,17,21,D,R,yellow,0.0,0.4,0.1,0.02592194523411522
20170201,122,1,17,22,D,r,magenta,0.0,0.4,0.1,0.127278658250256
20170201,122,1,17,23,D,q,red,0.44661593437194824,0.4,0.1,0.08109479845333295
20170201,122,1,17,24,D,f,black,0.19691205024719238,0.4,0.1,0.015035707227113781
20170201,122,1,17,25,D,Q,magenta,0.42975902557373047,0.4,0.1,0.03979924754662119
20170201,122,1,17,26,D,g,cyan,0.0,0.4,0.1,0.07277590625463162
20170201,122,1,17,27,D,g,red,0.52991390228271484,0.4,0.1,0.09424830497309684
20170201,122,1,17,28,D,g,red,0.51292991638183594,0.4,0.1,0.033179805997516354
20170201,122,1,17,29,D,Q,magenta,0.46328282356262207,0.4,0.1,0.06248746704801811
20170201,122,1,18,0,T,A,red,0.0020098686218261719,0.4,0.1,0.12302103463641026
20170201,122,1,18,1,T,R,magenta,0.0,0.4,0.1,0.15778612670748543
20170201,122,1,18,2,T,H,red,0.52991700172424316,0.4,0.1,0.04288184203657608
20170201,122,1,18,3,T,f,red,0.47978901863098145,0.4,0.1,0.17718898543817196
20170201,122,1,18,4,T,s,magenta,0.53007698059082031,0.4,0.1,0.1655528907863207
20170201,122,1,18,5,T,F,black,0.49658203125,0.4,0.1,0.14972999819954178
20170201,122,1,18,6,T,a,red,0.49664020538330078,0.4,0.1,0.021092683048261996
20170201,122,1,18,7,T,D,black,0.0,0.4,0.1,0.021926896473134373
20170201,122,1,18,8,T,r,yellow,0.0,0.4,0.1,0.13731026674164773
20170201,122,1,18,9,T,F,red,0.42997217178344727,0.4,0.1,0.039558560263825496
20170201,122,1,18,10,T,P,red,0.44660711288452148,0.4,0.1,0.05749258440367129
20170201,122,1,18,11,T,A,magenta,0.0,0.4,0.1,0.04904938708556712
20170201,122,1,18,12,T,F,yellow,0.0,0.4,0.1,0.10748577180514628
20170201,122,1,18,13,T,s,yellow,0.56310200691223145,0.4,0.1,0.04632044483748568
20170201,122,1,18,14,T,W,black,0.2132108211517334,0.4,0.1,0.18566693776498824
20170201,122,1,18,15,T,S,black,0.12985491752624512,0.4,0.1,0.02588941047898077
20170201,122,1,18,16,T,T,black,0.64646005630493164,0.4,0.1,0.1603077570085772
20170201,122,1,18,17,T,f,red,0.0,0.4,0.1,0.046822123413832295
20170201,122,1,18,18,T,W,black,0.26343107223510742,0.4,0.1,0.1164745377686558
20170201,122,1,18,19,T,G,red,0.54674601554870605,0.4,0.1,0.010422868620277815
20170201,122,1,18,20,T,q,yellow,0.063270092010498047,0.4,0.1,0.15090719053856602
20170201,122,1,18,21,T,w,yellow,0.0,0.4,0.1,0.08438213284245476
20170201,122,1,18,22,T,t,cyan,0.47971987724304199,0.4,0.1,0.11052300225598495
20170201,122,1,18,23,T,w,magenta,0.44661593437194824,0.4,0.1,0.06407034434061139
20170201,122,1,18,24,T,w,yellow,0.19691205024719238,0.4,0.1,0.18087621453673494
20170201,122,1,18,25,T,S,red,0.42975902557373047,0.4,0.1,0.14089939950955177
20170201,122,1,18,26,T,P,cyan,0.0,0.4,0.1,0.014516928433030919
20170201,122,1,18,27,T,P,yellow,0.52991390228271484,0.4,0.1,0.19342255347168286
20170201,122,1,18,28,T,f,black,0.51292991638183594,0.4,0.1,0.043850770824766655
20170201,122,1,18,29,T,p,magenta,0.46328282356262207,0.4,0.1,0.06795299964497296
20170201,122,1,19,0,X,D,cyan,0.0020098686218261719,0.4,0.1,0.03145711705442735
20170201,122,1,19,1,X,Q,black,0.0,0.4,0.1,0.11235969563329994
20170201,122,1,19,2,X,d,yellow,0.52991700172424316,0.4,0.1,0.16527290006668915
20170201,122,1,19,3,X,R,yellow,0.47978901863098145,0.4,0.1,0.16271522366758637
20170201,122,1,19,4,X,G,cyan,0.53007698059082031,0.4,0.1,0.11277939850997017
20170201,122,1,19,5,X,R,yellow,0.49658203125,0.4,0.1,0.027119315048361205
20170201,122,1,19,6,X,W,magenta,0.49664020538330078,0.4,0.1,0.1596223067888464
20170201,122,1,19,7,X,G,black,0.0,0.4,0.1,0.12497869503765682
20170201,122,1,19,8,X,h,black,0.0,0.4,0.1,0.008873332568304738
20170201,122,1,19,9,X,x,red,0.42997217178344727,0.4,0.1,0.04501553321762555
20170201,122,1,19,10,X,d,black,0.44660711288452148,0.4,0.1,0.1851094839979085
20170201,122,1,19,11,X,r,black,0.0,0.4,0.1,0.08320193335152054
20170201,122,1,19,12,X,t,magenta,0.0,0.4,0.1,0.0006566404407957416
20170201,122,1,19,13,X,r,cyan,0.56310200691223145,0.4,0.1,0.1254895967803394
20170201,122,1,19,14,X,D,red,0.2132108211517334,0.4,0.1,0.12535922346219258
20170201,122,1,19,15,X,X,yellow,0.12985491752624512,0.4,0.1,0.07669071149872841
20170201,122,1,19,16,X,f,yellow,0.013328075408935547,0.4,0.1,0.014215319432369023
20170201,122,1,19,17,X,a,magenta,0.0,0.4,0.1,0.18816947643953819
20170201,122,1,19,18,X,h,magenta,0.26343107223510742,0.4,0.1,0.1547539998644307
20170201,122,1,19,19,X,r,red,0.54674601554870605,0.4,0.1,0.1855898824907621
20170201,122,1,19,20,X,Q,magenta,0.063270092010498047,0.4,0.1,0.17691964899561324
20170201,122,1,19,21,X,q,black,0.0,0.4,0.1,0.0603197215179105
20170201,122,1,19,22,X,T,cyan,0.47971987724304199,0.4,0.1,0.0188692275766714
20170201,122,1,19,23,X,T,yellow,0.44661593437194824,0.4,0.1,0.13012952834542177
20170201,122,1,19,24,X,T,red,0.19691205024719238,0.4,0.1,0.047891754318246375
20170201,122,1,19,25,X,f,red,0.42975902557373047,0.4,0.1,0.13294149399683072
20170201,122,1,19,26,X,F,magenta,0.0,0.4,0.1,0.06968756865410719
20170201,122,1,19,27,X,X,cyan,0.44656586647033691,0.4,0.1,0.12229127137963275
20170201,122,1,19,28,X,r,yellow,0.51292991638183594,0.4,0.1,0.023024269317152735
20170201,122,1,19,29,X,s,red,0.46328282356262207,0.4,0.1,0.015405605518437638
20170201,122,1,20,0,A,g,red,0.0020098686218261719,0.4,0.1,0.15159340835712679
20170201,122,1,20,1,A,w,yellow,0.0,0.4,0.1,0.06705567452950077
20170201,122,1,20,2,A,T,red,0.52991700172424316,0.4,0.1,0.026378816488600035
20170201,122,1,20,3,A,X,black,0.47978901863098145,0.4,0.1,0.11965902088144086
20170201,122,1,20,4,A,d,cyan,0.53007698059082031,0.4,0.1,0.041719792309277276
20170201,122,1,20,5,A,F,red,0.49658203125,0.4,0.1,0.1163535833414499
20170201,122,1,20,6,A,s,yellow,0.49664020538330078,0.4,0.1,0.18715738088052927
20170201,122,1,20,7,A,p,red,0.0,0.4,0.1,0.08502389666299946
20170201,122,1,20,8,A,D,yellow,0.0,0.4,0.1,0.161685267283595
20170201,122,1,20,9,A,P,magenta,0.42997217178344727,0.4,0.1,0.06168623675082399
20170201,122,1,20,10,A,g,black,0.44660711288452148,0.4,0.1,0.004960107621423071
20170201,122,1,20,11,A,g,cyan,0.0,0.4,0.1,0.10679764040213771
20170201,122,1,20,12,A,T,magenta,0.0,0.4,0.1,0.07309606947827703
20170201,122,1,20,13,A,G,cyan,0.56310200691223145,0.4,0.1,0.09630087090610562
20170201,122,1,20,14,A,d,yellow,0.2132108211517334,0.4,0.1,0.09606229674965434
20170201,122,1,20,15,A,F,cyan,0.12985491752624512,0.4,0.1,0.036832772826412466
20170201,122,1,20,16,A,t,cyan,0.013328075408935547,0.4,0.1,0.026165342913078506
20170201,122,1,20,17,A,H,magenta,0.0,0.4,0.1,0.0791613761290506
20170201,122,1,20,18,A,h,cyan,0.26343107223510742,0.4,0.1,0.14994139623532476
20170201,122,1,20,19,A,f,yellow,0.54674601554870605,0.4,0.1,0.029702805562646484
20170201,122,1,20,20,A,X,cyan,0.49656915664672852,0.4,0.1,0.11231626711501025
20170201,122,1,20,21,A,p,black,0.0,0.4,0.1,0.04271424359677776
20170201,122,1,20,22,A,g,yellow,0.47971987724304199,0.4,0.1,0.008123633934315522
20170201,122,1,20,23,A,T,cyan,0.44661593437194824,0.4,0.1,0.1093579186455709
20170201,122,1,20,24,A,s,red,0.19691205024719238,0.4,0.1,0.08136954100812158
20170201,122,1,20,25,A,P,cyan,0.42975902557373047,0.4,0.1,0.08604166393436137
20170201,122,1,20,26,A,a,magenta,0.0,0.4,0.1,0.1935265418368729
20170201,122,1,20,27,A,t,cyan,0.44656586647033691,0.4,0.1,0.09387096314445183
20170201,122,1,20,28,A,P,cyan,0.51292991638183594,0.4,0.1,0.11784882587256412
20170201,122,1,20,29,A,t,red,0.46328282356262207,0.4,0.1,0.16329330753255622
20170201,122,1,21,0,D,R,black,0.0020098686218261719,0.4,0.1,0.00099901797264077
20170201,122,1,21,1,D,X,red,0.0,0.4,0.1,0.11393301913187409
20170201,122,1,21,2,D,w,red,0.52991700172424316,0.4,0.1,0.1457653886368323
20170201,122,1,21,3,D,T,cyan,0.47978901863098145,0.4,0.1,0.0008796809500244418
20170201,122,1,21,4,D,S,magenta,0.53007698059082031,0.4,0.1,0.044073361225491506
20170201,122,1,21,5,D,a,magenta,0.49658203125,0.4,0.1,0.05394329764534416
20170201,122,1,21,6,D,A,cyan,0.49664020538330078,0.4,0.1,0.051281932731284764
20170201,122,1,21,7,D,G,black,0.0,0.4,0.1,0.1800386636488637
20170201,122,1,21,8,D,p,yellow,0.0,0.4,0.1,0.163815871522177
20170201,122,1,21,9,D,F,magenta,0.42997217178344727,0.4,0.1,0.06726839382959814
20170201,122,1,21,10,D,Q,cyan,0.44660711288452148,0.4,0.1,0.09084269914900744
20170201,122,1,21,11,D,r,cyan,0.0,0.4,0.1,0.12857118112857957
20170201,122,1,21,12,D,X,cyan,0.0,0.4,0.1,0.16185612099792226
20170201,122,1,21,13,D,s,black,0.56310200691223145,0.4,0.1,0.19541911291119596
20170201,122,1,21,14,D,q,red,0.2132108211517334,0.4,0.1,0.08390487887610801
20170201,122,1,21,15,D,D,red,0.12985491752624512,0.4,0.1,0.09174893094361919
20170201,122,1,21,16,D,F,magenta,0.013328075408935547,0.4,0.1,0.10947297206330298
20170201,122,1,21,17,D,X,red,0.0,0.4,0.1,0.12388961917245991
20170201,122,1,21,18,D,p,cyan,0.26340007781982422,0.4,0.1,0.05897510925313259
20170201,122,1,21,19,D,H,magenta,0.54674601554870605,0.4,0.1,0.1385998829452205
20170201,122,1,21,20,D,D,red,0.49656915664672852,0.4,0.1,0.019421190100749344
20170201,122,1,21,21,D,A,cyan,0.0,0.4,0.1,0.09913672872552022
20170201,122,1,21,22,D,x,red,0.47971987724304199,0.4,0.1,0.13428413675118073
20170201,122,1,21,23,D,R,cyan,0.44661593437194824,0.4,0.1,0.09648564415430505
20170201,122,1,21,24,D,H,black,0.19691205024719238,0.4,0.1,0.04984015325005436
20170201,122,1,21,25,D,P,black,0.42975902557373047,0.4,0.1,0.024284095075294634
20170201,122,1,21,26,D,W,red,0.0,0.4,0.1,0.09705101085750248
20170201,122,1,21,27,D,P,red,0.44656586647033691,0.4,0.1,0.0343709155433932
20170201,122,1,21,28,D,G,magenta,0.51292991638183594,0.4,0.1,0.09539763283011685
20170201,122,1,21,29,D,f,cyan,0.46328282356262207,0.4,0.1,0.1054744735167029
20170201,122,1,22,0,T,G,magenta,0.0020098686218261719,0.4,0.1,0.003624523156937776
20170201,122,1,22,1,T,a,red,0.0,0.4,0.1,0.028269527011531605
20170201,122,1,22,2,T,X,red,0.52991700172424316,0.4,0.1,0.18224067472472358
20170201,122,1,22,3,T,G,cyan,0.47978901863098145,0.4,0.1,0.01005904216174891
20170201,122,1,22,4,T,d,cyan,0.53007698059082031,0.4,0.1,0.1647890434681297
20170201,122,1,22,5,T,s,magenta,0.49658203125,0.4,0.1,0.03042725034295657
20170201,122,1,22,6,T,S,black,0.49664020538330078,0.4,0.1,0.07967269462368753
20170201,122,1,22,7,T,p,yellow,0.0,0.4,0.1,0.06247287142244931
20170201,122,1,22,8,T,X,red,0.0,0.4,0.1,0.1144988903151477
20170201,122,1,22,9,T,W,black,0.42997217178344727,0.4,0.1,0.05179660154428283
20170201,122,1,22,10,T,P,yellow,0.44660711288452148,0.4,0.1,0.034030455418536845
20170201,122,1,22,11,T,R,magenta,0.0,0.4,0.1,0.11050758689809814
20170201,122,1,22,12,T,W,cyan,0.0,0.4,0.1,0.19595722962972484
20170201,122,1,22,13,T,D,red,0.56310200691223145,0.4,0.1,0.10448806513474503
20170201,122,1,22,14,T,A,cyan,0.2132108211517334,0.4,0.1,0.01739620829918631
20170201,122,1,22,15,T,s,magenta,0.12985491752624512,0.4,0.1,0.12881728093523867
20170201,122,1,22,16,T,W,magenta,0.013328075408935547,0.4,0.1,0.10356669378288948
20170201,122,1,22,17,T,T,cyan,0.0,0.4,0.1,0.06964532772454941
20170201,122,1,22,18,T,p,black,0.26340007781982422,0.4,0.1,0.13998935686297984
20170201,122,1,22,19,T,T,black,0.54674601554870605,0.4,0.1,0.12604136818235442
20170201,122,1,22,20,T,P,black,0.36302590370178223,0.4,0.1,0.07438050734111482
20170201,122,1,22,21,T,P,yellow,0.0,0.4,0.1,0.19788869056105268
20170201,122,1,22,22,T,Q,red,0.47971987724304199,0.4,0.1,0.10997873710701059
20170201,122,1,22,23,T,p,red,0.44661593437194824,0.4,0.1,0.15078065036854268
20170201,122,1,22,24,T,f,yellow,0.19691205024719238,0.4,0.1,0.12299963951726721
20170201,122,1,22,25,T,x,black,0.42975902557373047,0.4,0.1,0.12619692561977341
20170201,122,1,22,26,T,S,red,0.0,0.4,0.1,0.0452638547793208
20170201,122,1,22,27,T,w,red,0.44656586647033691,0.4,0.1,0.061857852608603305
20170201,122,1,22,28,T,Q,black,0.51292991638183594,0.4,0.1,0.11093738708952337
20170201,122,1,22,29,T,s,magenta,0.46328282356262207,0.4,0.1,0.13538298597206924
20170201,122,1,23,0,X,a,yellow,0.0020098686218261719,0.4,0.1,0.06306360228900891
20170201,122,1,23,1,X,h,black,0.0,0.4,0.1,0.08333466768975734
20170201,122,1,23,2,X,q,yellow,0.52991700172424316,0.4,0.1,0.15058656175709823
20170201,122,1,23,3,X,S,yellow,0.47978901863098145,0.4,0.1,0.1659163282769123
20170201,122,1,23,4,X,x,red,0.53007698059082031,0.4,0.1,0.06202660127861648
20170201,122,1,23,5,X,f,red,0.49658203125,0.4,0.1,0.1598502538019571
20170201,122,1,23,6,X,H,yellow,0.49664020538330078,0.4,0.1,0.12922970327763308
20170201,122,1,23,7,X,A,cyan,0.0,0.4,0.1,0.1156612135261963
20170201,122,1,23,8,X,D,magenta,0.0,0.4,0.1,0.19825307182042617
20170201,122,1,23,9,X,G,yellow,0.42997217178344727,0.4,0.1,0.10517738236818448
20170201,122,1,23,10,X,W,black,0.44660711288452148,0.4,0.1,0.03680795407318593
20170201,122,1,23,11,X,F,red,0.0,0.4,0.1,0.1945802149997874
20170201,122,1,23,12,X,t,magenta,0.0,0.4,0.1,0.15501555923266114
20170201,122,1,23,13,X,t,magenta,0.56310200691223145,0.4,0.1,0.007771414497753315
20170201,122,1,23,14,X,A,magenta,0.2132108211517334,0.4,0.1,0.0827207955018242
20170201,122,1,23,15,X,X,magenta,0.12985491752624512,0.4,0.1,0.12418103708464244
20170201,122,1,23,16,X,H,red,0.013328075408935547,0.4,0.1,0.012412332789741144
20170201,122,1,23,17,X,h,black,0.0,0.4,0.1,0.022257344510393143
20170201,122,1,23,18,X,f,cyan,0.26340007781982422,0.4,0.1,0.13751828704120655
20170201,122,1,23,19,X,X,magenta,0.54674601554870605,0.4,0.1,0.11098752151123625
20170201,122,1,23,20,X,x,black,0.36302590370178223,0.4,0.1,0.07466523219807882
20170201,122,1,23,21,X,p,yellow,0.0,0.4,0.1,0.07259067889207782
20170201,122,1,23,22,X,F,yellow,0.47971987724304199,0.4,0.1,0.16976651360790104
20170201,122,1,23,23,X,R,black,0.44661593437194824,0.4,0.1,0.03975799349562812
20170201,122,1,23,24,X,p,black,0.19691205024719238,0.4,0.1,0.1971462110370285
20170201,122,1,23,25,X,R,red,0.42975902557373047,0.4,0.1,0.023714566912709345
20170201,122,1,23,26,X,h,magenta,0.0,0.4,0.1,0.07408820278184432
20170201,122,1,23,27,X,r,red,0.44656586647033691,0.4,0.1,0.10424786148987011
20170201,122,1,23,28,X,F,yellow,0.51292991638183594,0.4,0.1,0.10210559186549076
20170201,122,1,23,29,X,G,red,0.46328282356262207,0.4,0.1,0.1608287764869002
20170201,122,1,24,0,A,D,red,0.0020098686218261719,0.4,0.1,0.15022597731644521
20170201,122,1,24,1,A,f,magenta,0.0,0.4,0.1,0.11557909830648426
20170201,122,1,24,2,A,R,cyan,0.52991700172424316,0.4,0.1,0.012206069083981409
20170201,122,1,24,3,A,H,red,0.47978901863098145,0.4,0.1,0.1760231531113284
20170201,122,1,24,4,A,D,cyan,0.53007698059082031,0.4,0.1,0.02301280942319084
20170201,122,1,24,5,A,p,red,0.49658203125,0.4,0.1,0.12422231915591775
20170201,122,1,24,6,A,w,black,0.49664020538330078,0.4,0.1,0.1302054431039754
20170201,122,1,24,7,A,W,cyan,0.0,0.4,0.1,0.08148325506872728
20170201,122,1,24,8,A,h,red,0.0,0.4,0.1,0.15509907354500596
20170201,122,1,24,9,A,S,cyan,0.42997217178344727,0.4,0.1,0.0663785113839339
20170201,122,1,24,10,A,w,magenta,0.44660711288452148,0.4,0.1,0.14524193950435357
20170201,122,1,24,11,A,h,red,0.0,0.4,0.1,0.10591111634230277
20170201,122,1,24,12,A,d,red,0.44670009613037109,0.4,0.1,0.14396854295998854
20170201,122,1,24,13,A,F,yellow,0.56310200691223145,0.4,0.1,0.07164540723837202
20170201,122,1,24,14,A,h,black,0.2132108211517334,0.4,0.1,0.10910483445013641
20170201,122,1,24,15,A,T,black,0.12985491752624512,0.4,0.1,0.17607221644453885
20170201,122,1,24,16,A,x,yellow,0.013328075408935547,0.4,0.1,0.08499638931944065
20170201,122,1,24,17,A,R,black,0.0,0.4,0.1,0.12952841201998957
20170201,122,1,24,18,A,G,red,0.26340007781982422,0.4,0.1,0.14236378980169845
20170201,122,1,24,19,A,g,magenta,0.54674601554870605,0.4,0.1,0.19185440357321312
20170201,122,1,24,20,A,a,magenta,0.36302590370178223,0.4,0.1,0.05049363868661716
20170201,122,1,24,21,A,X,cyan,0.0,0.4,0.1,0.04888554775284975
20170201,122,1,24,22,A,D,magenta,0.54653406143188477,0.4,0.1,0.11569626269279953
20170201,122,1,24,23,A,t,black,0.44661593437194824,0.4,0.1,0.1364481804242345
20170201,122,1,24,24,A,t,magenta,0.19691205024719238,0.4,0.1,0.13561427296911369
20170201,122,1,24,25,A,f,red,0.42975902557373047,0.4,0.1,0.18236774082990057
20170201,122,1,24,26,A,P,cyan,0.0,0.4,0.1,0.14709012072345368
20170201,122,1,24,27,A,Q,red,0.44656586647033691,0.4,0.1,0.017837800837878337
20170201,122,1,24,28,A,R,black,0.51292991638183594,0.4,0.1,0.017753871015588542
20170201,122,1,24,29,A,S,red,0.46328282356262207,0.4,0.1,0.06976113597204096
20170201,122,1,25,0,D,d,magenta,0.0020098686218261719,0.4,0.1,0.09276363106328994
20170201,122,1,25,1,D,t,cyan,0.0,0.4,0.1,0.1099755097801143
20170201,122,1,25,2,D,X,magenta,0.52991700172424316,0.4,0.1,0.16978301392697787
20170201,122,1,25,3,D,d,black,0.47978901863098145,0.4,0.1,0.181400875015421
20170201,122,1,25,4,D,f,magenta,0.53007698059082031,0.4,0.1,0.05361815471151792
20170201,122,1,25,5,D,W,red,0.49658203125,0.4,0.1,0.11034900221824656
20170201,122,1,25,6,D,T,cyan,0.49664020538330078,0.4,0.1,0.09585613329530376
20170201,122,1,25,7,D,R,red,0.0,0.4,0.1,0.14484718356748869
20170201,122,1,25,8,D,G,cyan,0.0,0.4,0.1,0.1442462175544734
20170201,122,1,25,9,D,F,yellow,0.42997217178344727,0.4,0.1,0.11390228350201935
20170201,122,1,25,10,D,r,cyan,0.44660711288452148,0.4,0.1,0.17149201363961672
20170201,122,1,25,11,D,G,black,0.0,0.4,0.1,0.043381981594951685
20170201,122,1,25,12,D,T,magenta,0.44670009613037109,0.4,0.1,0.02500564192576651
20170201,122,1,25,13,D,S,magenta,0.56310200691223145,0.4,0.1,0.10458972960518675
20170201,122,1,25,14,D,T,magenta,0.2132108211517334,0.4,0.1,0.045778124866062586
20170201,122,1,25,15,D,W,black,0.12985491752624512,0.4,0.1,0.13192843782645308
20170201,122,1,25,16,D,W,magenta,0.013328075408935547,0.4,0.1,0.19238754792371726
20170201,122,1,25,17,D,H,yellow,0.0,0.4,0.1,0.09920648852420698
20170201,122,1,25,18,D,a,magenta,0.26340007781982422,0.4,0.1,0.04994423248669671
20170201,122,1,25,19,D,T,black,0.54674601554870605,0.4,0.1,0.01434791948504839
20170201,122,1,25,20,D,G,magenta,0.36302590370178223,0.4,0.1,0.1812871740736982
20170201,122,1,25,21,D,D,red,0.0,0.4,0.1,0.1389121022645704
20170201,122,1,25,22,D,f,yellow,0.54653406143188477,0.4,0.1,0.057453839147639664
20170201,122,1,25,23,D,p,magenta,0.44661593437194824,0.4,0.1,0.13771619694389678
20170201,122,1,25,24,D,Q,yellow,0.19691205024719238,0.4,0.1,0.14174913749106463
20170201,122,1,25,25,D,Q,black,0.42975902557373047,0.4,0.1,0.18079927743862512
20170201,122,1,25,26,D,A,magenta,0.0,0.4,0.1,0.14338938467929438
20170201,122,1,25,27,D,X,black,0.44656586647033691,0.4,0.1,0.15124516767347082
20170201,122,1,25,28,D,h,yellow,0.51292991638183594,0.4,0.1,0.014773788639885122
20170201,122,1,25,29,D,H,cyan,0.46328282356262207,0.4,0.1,0.050611823669893787
20170201,122,1,26,0,T,d,yellow,0.0020098686218261719,0.4,0.1,0.01894811325046817
20170201,122,1,26,1,T,t,cyan,0.44661092758178711,0.4,0.1,0.16335592990674486
20170201,122,1,26,2,T,p,magenta,0.52991700172424316,0.4,0.1,0.14947104780977202
20170201,122,1,26,3,T,d,yellow,0.47978901863098145,0.4,0.1,0.010873449279762394
20170201,122,1,26,4,T,g,yellow,0.53007698059082031,0.4,0.1,0.06703883296748359
20170201,122,1,26,5,T,X,yellow,0.49658203125,0.4,0.1,0.1603890110830715
20170201,122,1,26,6,T,F,cyan,0.49664020538330078,0.4,0.1,0.0975974371460209
20170201,122,1,26,7,T,d,yellow,0.0,0.4,0.1,0.07193011875559388
20170201,122,1,26,8,T,f,yellow,0.0,0.4,0.1,0.08434399361011523
20170201,122,1,26,9,T,T,red,0.5299069881439209,0.4,0.1,0.18068920858263537
20170201,122,1,26,10,T,t,magenta,0.4801027774810791,0.4,0.1,0.011318324315826156
20170201,122,1,26,11,T,F,black,0.0,0.4,0.1,0.07123156067803423
20170201,122,1,26,12,T,h,magenta,0.44670009613037109,0.4,0.1,0.1742947685582502
20170201,122,1,26,13,T,r,yellow,0.56310200691223145,0.4,0.1,0.09244346092800343
20170201,122,1,26,14,T,A,magenta,0.2132108211517334,0.4,0.1,0.15816441991850508
20170201,122,1,26,15,T,G,magenta,0.12985491752624512,0.4,0.1,0.1842934028898287
20170201,122,1,26,16,T,d,black,0.013328075408935547,0.4,0.1,0.12940492047207205
20170201,122,1,26,17,T,P,cyan,0.0,0.4,0.1,0.1713836095925766
20170201,122,1,26,18,T,w,magenta,0.26340007781982422,0.4,0.1,0.009260891357803414
20170201,122,1,26,19,T,G,cyan,0.54674601554870605,0.4,0.1,0.14703379421748713
20170201,122,1,26,20,T,q,cyan,0.36302590370178223,0.4,0.1,0.15666229553051292
20170201,122,1,26,21,T,Q,yellow,0.0,0.4,0.1,0.05996048201156408
20170201,122,1,26,22,T,g,cyan,0.54653406143188477,0.4,0.1,0.004097641358893989
20170201,122,1,26,23,T,A,yellow,0.44661593437194824,0.4,0.1,0.041328470566512746
20170201,122,1,26,24,T,r,red,0.19691205024719238,0.4,0.1,0.1308315278804384
20170201,122,1,26,25,T,Q,black,0.42975902557373047,0.4,0.1,0.04878118028650585
20170201,122,1,26,26,T,a,black,0.0,0.4,0.1,0.16256589817427358
20170201,122,1,26,27,T,T,magenta,0.54670310020446777,0.4,0.1,0.14422085331077597
20170201,122,1,26,28,T,q,black,0.51292991638183594,0.4,0.1,0.06795432234783494
20170201,122,1,26,29,T,Q,cyan,0.46328282356262207,0.4,0.1,0.14238487260962243
20170201,122,1,27,0,X,p,cyan,0.0020098686218261719,0.4,0.1,0.03182808238457662
20170201,122,1,27,1,X,s,cyan,0.44661092758178711,0.4,0.1,0.05611417150045459
20170201,122,1,27,2,X,w,cyan,0.52991700172424316,0.4,0.1,0.1805124872014304
20170201,122,1,27,3,X,f,cyan,0.47978901863098145,0.4,0.1,0.08076837596360453
20170201,122,1,27,4,X,X,red,0.48002910614013672,0.4,0.1,0.17870173849243673
20170201,122,1,27,5,X,S,magenta,0.49658203125,0.4,0.1,0.06020614430715004
20170201,122,1,27,6,X,X,yellow,0.49644613265991211,0.4,0.1,0.05485951389756161
20170201,122,1,27,7,X,D,magenta,0.0,0.4,0.1,0.13944437384501893
20170201,122,1,27,8,X,H,red,0.51320004463195801,0.4,0.1,0.04637346902247044
20170201,122,1,27,9,X,F,yellow,0.5299069881439209,0.4,0.1,0.17716934537013823
20170201,122,1,27,10,X,t,yellow,0.4801027774810791,0.4,0.1,0.024874641259565067
20170201,122,1,27,11,X,s,red,0.0,0.4,0.1,0.023975165936034572
20170201,122,1,27,12,X,w,yellow,0.44670009613037109,0.4,0.1,0.06559981423868429
20170201,122,1,27,13,X,w,magenta,0.56310200691223145,0.4,0.1,0.039538286891185485
20170201,122,1,27,14,X,x,yellow,0.47995495796203613,0.4,0.1,0.19490177156005095
20170201,122,1,27,15,X,D,yellow,0.12985491752624512,0.4,0.1,0.027606696580727386
20170201,122,1,27,16,X,Q,red,0.013328075408935547,0.4,0.1,0.021512459758783332
20170201,122,1,27,17,X,a,magenta,0.0,0.4,0.1,0.057553039785894766
20170201,122,1,27,18,X,h,black,0.26340007781982422,0.4,0.1,0.12181729893670164
20170201,122,1,27,19,X,h,yellow,0.54674601554870605,0.4,0.1,0.03906659802115378
20170201,122,1,27,20,X,r,cyan,0.36302590370178223,0.4,0.1,0.16314161480006617
20170201,122,1,27,21,X,s,black,0.0,0.4,0.1,0.1953690476142944
20170201,122,1,27,22,X,s,red,0.54653406143188477,0.4,0.1,0.12559894654357945
20170201,122,1,27,23,X,R,cyan,0.44661593437194824,0.4,0.1,0.06401185653240327
20170201,122,1,27,24,X,d,yellow,0.19691205024719238,0.4,0.1,0.08309851806428924
20170201,122,1,27,25,X,H,red,0.42975902557373047,0.4,0.1,0.0695669310088739
20170201,122,1,27,26,X,p,red,0.0,0.4,0.1,0.14871187329681324
20170201,122,1,27,27,X,w,cyan,0.54670310020446777,0.4,0.1,0.05103737918249521
20170201,122,1,27,28,X,R,cyan,0.51292991638183594,0.4,0.1,0.15126892409386206
20170201,122,1,27,29,X,Q,cyan,0.46328282356262207,0.4,0.1,0.11078881033187467
20170201,122,1,28,0,A,W,cyan,0.0020098686218261719,0.4,0.1,0.19606909585659354
20170201,122,1,28,1,A,W,red,0.44661092758178711,0.4,0.1,0.158955300780646
20170201,122,1,28,2,A,f,magenta,0.52991700172424316,0.4,0.1,0.137039848812441
20170201,122,1,28,3,A,f,magenta,0.47978901863098145,0.4,0.1,0.016057938197244503
20170201,122,1,28,4,A,D,magenta,0.48002910614013672,0.4,0.1,0.001649272118634304
20170201,122,1,28,5,A,T,yellow,0.49658203125,0.4,0.1,0.19452053886718515
20170201,122,1,28,6,A,F,black,0.49644613265991211,0.4,0.1,0.05096857284085306
20170201,122,1,28,7,A,D,cyan,0.0,0.4,0.1,0.08017227413349398
20170201,122,1,28,8,A,P,yellow,0.51320004463195801,0.4,0.1,0.09259443570326985
20170201,122,1,28,9,A,h,magenta,0.5299069881439209,0.4,0.1,0.03768151154360549
20170201,122,1,28,10,A,A,cyan,0.4801027774810791,0.4,0.1,0.16965212806724717
20170201,122,1,28,11,A,q,black,0.0,0.4,0.1,0.16321722712388437
20170201,122,1,28,12,A,r,black,0.44670009613037109,0.4,0.1,0.17791679222616566
20170201,122,1,28,13,A,t,black,0.56310200691223145,0.4,0.1,0.17183915273913103
20170201,122,1,28,14,A,q,black,0.47995495796203613,0.4,0.1,0.15383139700488496
20170201,122,1,28,15,A,w,red,0.12985491752624512,0.4,0.1,0.08191627779369776
20170201,122,1,28,16,A,S,cyan,0.013328075408935547,0.4,0.1,0.03800085287803217
20170201,122,1,28,17,A,F,magenta,0.0,0.4,0.1,0.0367762191363431
20170201,122,1,28,18,A,r,red,0.26340007781982422,0.4,0.1,0.09471662168446425
20170201,122,1,28,19,A,R,red,0.54674601554870605,0.4,0.1,0.14757881444079937
20170201,122,1,28,20,A,f,black,0.36302590370178223,0.4,0.1,0.1444217163192354
20170201,122,1,28,21,A,P,yellow,0.0,0.4,0.1,0.15087899160301743
20170201,122,1,28,22,A,w,cyan,0.54653406143188477,0.4,0.1,0.011705879820701771
20170201,122,1,28,23,A,P,cyan,0.44661593437194824,0.4,0.1,0.10868632098745941
20170201,122,1,28,24,A,D,yellow,0.19691205024719238,0.4,0.1,0.030765545556983832
20170201,122,1,28,25,A,H,cyan,0.42975902557373047,0.4,0.1,0.036614742977694625
20170201,122,1,28,26,A,t,yellow,0.0,0.4,0.1,0.10294925875147179
20170201,122,1,28,27,A,r,yellow,0.54670310020446777,0.4,0.1,0.005258881478938915
20170201,122,1,28,28,A,d,black,0.51292991638183594,0.4,0.1,0.15361662747664798
20170201,122,1,28,29,A,d,yellow,0.46328282356262207,0.4,0.1,0.14893410202590973
20170201,122,1,29,0,D,H,black,0.0020098686218261719,0.4,0.1,0.04396239575123802
20170201,122,1,29,1,D,G,yellow,0.44661092758178711,0.4,0.1,0.1618852136702536
20170201,122,1,29,2,D,d,magenta,0.57995700836181641,0.4,0.1,0.14989104401789163
20170201,122,1,29,3,D,X,magenta,0.47978901863098145,0.4,0.1,0.06976922795985688
20170201,122,1,29,4,D,p,yellow,0.48002910614013672,0.4,0.1,0.029591445306370215
20170201,122,1,29,5,D,D,magenta,0.49658203125,0.4,0.1,0.1435934185384283
20170201,122,1,29,6,D,s,black,0.49644613265991211,0.4,0.1,0.07739839968309135
20170201,122,1,29,7,D,p,red,0.0,0.4,0.1,0.15910257402206857
20170201,122,1,29,8,D,w,red,0.51320004463195801,0.4,0.1,0.15842263711463242
20170201,122,1,29,9,D,Q,cyan,0.5299069881439209,0.4,0.1,0.14638615586023465
20170201,122,1,29,10,D,F,red,0.4801027774810791,0.4,0.1,0.19705016017496868
20170201,122,1,29,11,D,W,cyan,0.0,0.4,0.1,0.13820396202002735
20170201,122,1,29,12,D,s,red,0.44670009613037109,0.4,0.1,0.02713090408229002
20170201,122,1,29,13,D,t,cyan,0.56310200691223145,0.4,0.1,0.1624615104924542
20170201,122,1,29,14,D,d,red,0.47995495796203613,0.4,0.1,0.15561046182181237
20170201,122,1,29,15,D,G,red,0.12985491752624512,0.4,0.1,0.19285419854384606
20170201,122,1,29,16,D,G,magenta,0.013328075408935547,0.4,0.1,0.13139525010739028
20170201,122,1,29,17,D,F,red,0.0,0.4,0.1,0.12270858122492781
20170201,122,1,29,18,D,X,black,0.26340007781982422,0.4,0.1,0.14302173767360724
20170201,122,1,29,19,D,S,red,0.54674601554870605,0.4,0.1,0.10740810835064724
20170201,122,1,29,20,D,a,cyan,0.36302590370178223,0.4,0.1,0.1278301160159467
20170201,122,1,29,21,D,x,black,0.0,0.4,0.1,0.0786385917075918
20170201,122,1,29,22,D,a,cyan,0.54653406143188477,0.4,0.1,0.019290662636407753
20170201,122,1,29,23,D,G,cyan,0.44661593437194824,0.4,0.1,0.09509231649282116
20170201,122,1,29,24,D,p,cyan,0.19691205024719238,0.4,0.1,0.16693668386775562
20170201,122,1,29,25,D,h,magenta,0.42975902557373047,0.4,0.1,0.12747556268381777
20170201,122,1,29,26,D,H,magenta,0.0,0.4,0.1,0.03379274749194514
20170201,122,1,29,27,D,r,black,0.54670310020446777,0.4,0.1,0.06583962349975732
20170201,122,1,29,28,D,S,cyan,0.51292991638183594,0.4,0.1,0.18264576721414014
20170201,122,1,29,29,D,a,cyan,0.46328282356262207,0.4,0.1,0.09787143840742925
20170201,122,1,30,0,T,r,black,0.0020098686218261719,0.4,0.1,0.14894640113736823
20170201,122,1,30,1,T,w,yellow,0.44661092758178711,0.4,0.1,0.17865936767220666
20170201,122,1,30,2,T,G,magenta,0.57995700836181641,0.4,0.1,0.028564184070991774
20170201,122,1,30,3,T,S,yellow,0.47978901863098145,0.4,0.1,0.09888066640592655
20170201,122,1,30,4,T,T,magenta,0.48002910614013672,0.4,0.1,0.16552117932558275
20170201,122,1,30,5,T,A,black,0.49658203125,0.4,0.1,0.1227616388249887
20170201,122,1,30,6,T,r,black,0.49644613265991211,0.4,0.1,0.08606725267632304
20170201,122,1,30,7,T,p,red,0.0,0.4,0.1,0.12276738881693978
20170201,122,1,30,8,T,a,black,0.51320004463195801,0.4,0.1,0.10056268912282224
20170201,122,1,30,9,T,H,yellow,0.5299069881439209,0.4,0.1,0.19080699220674008
20170201,122,1,30,10,T,s,magenta,0.4801027774810791,0.4,0.1,0.1685943328606862
20170201,122,1,30,11,T,T,cyan,0.0,0.4,0.1,0.03971925615661172
20170201,122,1,30,12,T,d,yellow,0.44670009613037109,0.4,0.1,0.10029254974525487
20170201,122,1,30,13,T,s,black,0.56310200691223145,0.4,0.1,0.10270198601750223
20170201,122,1,30,14,T,W,black,0.47995495796203613,0.4,0.1,0.05818515000601015
20170201,122,1,30,15,T,h,red,0.12985491752624512,0.4,0.1,0.05419515134904367
20170201,122,1,30,16,T,R,magenta,0.013328075408935547,0.4,0.1,0.12103676764799597
20170201,122,1,30,17,T,G,red,0.0,0.4,0.1,0.12745305865649098
20170201,122,1,30,18,T,f,yellow,0.26340007781982422,0.4,0.1,0.14622680901643886
20170201,122,1,30,19,T,T,yellow,0.54674601554870605,0.4,0.1,0.14028244609578985
20170201,122,1,30,20,T,G,black,0.36302590370178223,0.4,0.1,0.10062456202555436
20170201,122,1,30,21,T,p,yellow,0.0,0.4,0.1,0.10297840666664917
20170201,122,1,30,22,T,r,cyan,0.54653406143188477,0.4,0.1,0.19117431388452663
20170201,122,1,30,23,T,d,magenta,0.44661593437194824,0.4,0.1,0.19472678159249615
20170201,122,1,30,24,T,W,magenta,0.19691205024719238,0.4,0.1,0.12333077012648341
20170201,122,1,30,25,T,g,red,0.42975902557373047,0.4,0.1,0.0452158523801425
20170201,122,1,30,26,T,s,yellow,0.0,0.4,0.1,0.008281897425439522
20170201,122,1,30,27,T,T,black,0.54670310020446777,0.4,0.1,0.17916827464300358
20170201,122,1,30,28,T,A,magenta,0.51292991638183594,0.4,0.1,0.1922151592207112
20170201,122,1,30,29,T,q,black,0.46328282356262207,0.4,0.1,0.12797216498531444
20170201,323,1,0,0,A,S,red,0.0,0.7,0.2,0.01908042002752284
20170201,323,1,0,1,A,r,red,0.0,0.7,0.2,0.025241272616832178
20170201,323,1,0,2,A,F,black,0.0,0.7,0.2,0.06365420881267707
20170201,323,1,0,3,A,R,cyan,0.0,0.7,0.2,0.1294971406981334
20170201,323,1,0,4,A,s,yellow,0.0,0.7,0.2,0.1746395379503303
20170201,323,1,0,5,A,r,cyan,0.0,0.7,0.2,0.05729112270552124
20170201,323,1,0,6,A,d,yellow,0.0,0.7,0.2,0.011508035573488186
20170201,323,1,0,7,A,D,black,0.0,0.7,0.2,0.04519649698603952
20170201,323,1,0,8,A,T,yellow,0.0,0.7,0.2,0.11120436738286366
20170201,323,1,0,9,A,S,black,0.0,0.7,0.2,0.05545929079302112
20170201,323,1,0,10,A,H,red,0.0,0.7,0.2,0.10207521618992238
20170201,323,1,0,11,A,W,cyan,0.0,0.7,0.2,0.13789035405360703
20170201,323,1,0,12,A,d,magenta,0.0,0.7,0.2,0.16247423047618892
20170201,323,1,0,13,A,p,black,0.0,0.7,0.2,0.0588435604344491
20170201,323,1,0,14,A,p,cyan,0.0,0.7,0.2,0.005598735598165816
20170201,323,1,0,15,A,S,black,0.0,0.7,0.2,0.0336295876782758
20170201,323,1,0,16,A,q,magenta,0.0,0.7,0.2,0.0959237436111107
20170201,323,1,0,17,A,T,red,0.0,0.7,0.2,0.07152497139833125
20170201,323,1,0,18,A,G,cyan,0.0,0.7,0.2,0.00403256346751304
20170201,323,1,0,19,A,P,magenta,0.0,0.7,0.2,0.07991845132129116
20170201,323,1,0,20,A,r,black,0.0,0.7,0.2,0.18051729186129234
20170201,323,1,0,21,A,a,yellow,0.39631009101867676,0.7,0.2,0.13518849615018838
20170201,323,1,0,22,A,t,cyan,0.0,0.7,0.2,0.04340359131218996
20170201,323,1,0,23,A,f,red,0.0,0.7,0.2,0.020455909449531975
20170201,323,1,0,24,A,a,black,0.49652600288391113,0.7,0.2,0.16503431424245565
20170201,323,1,0,25,A,F,red,0.0,0.7,0.2,0.1314697549932852
20170201,323,1,0,26,A,X,red,0.0,0.7,0.2,0.12796080715469382
20170201,323,1,0,27,A,A,red,0.42987489700317383,0.7,0.2,0.022042660105297453
20170201,323,1,0,28,A,d,black,0.0,0.7,0.2,0.04194324839690455
20170201,323,1,0,29,A,P,red,0.0,0.7,0.2,0.06147132289413729
20170201,323,1,1,0,D,Q,magenta,0.0,0.7,0.2,0.1061583424818031
20170201,323,1,1,1,D,T,red,0.0,0.7,0.2,0.18912154441619056
20170201,323,1,1,2,D,H,red,0.0,0.7,0.2,0.07390358804727147
20170201,323,1,1,3,D,D,cyan,0.46312618255615234,0.7,0.2,0.05809821215790778
20170201,323,1,1,4,D,t,red,0.0,0.7,0.2,0.04960606119171749
20170201,323,1,1,5,D,f,black,0.0,0.7,0.2,0.1532322508137398
20170201,323,1,1,6,D,D,yellow,0.39669489860534668,0.7,0.2,0.023479659420343735
20170201,323,1,1,7,D,F,black,0.0,0.7,0.2,0.03763888210345892
20170201,323,1,1,8,D,a,magenta,0.0,0.7,0.2,0.02931787379840838
20170201,323,1,1,9,D,q,yellow,0.0,0.7,0.2,0.08544799357859918
20170201,323,1,1,10,D,x,red,0.0,0.7,0.2,0.15764503401012614
20170201,323,1,1,11,D,w,red,0.0,0.7,0.2,0.09378517288706412
20170201,323,1,1,12,D,D,cyan,0.42992901802062988,0.7,0.2,0.1949839929889876
20170201,323,1,1,13,D,X,magenta,0.0,0.7,0.2,0.1175881271776032
20170201,323,1,1,14,D,P,black,0.0,0.7,0.2,0.16819060479118042
20170201,323,1,1,15,D,f,black,0.0,0.7,0.2,0.15496338618919256
20170201,323,1,1,16,D,s,red,0.0,0.7,0.2,0.19136277705513982
20170201,323,1,1,17,D,s,red,0.0,0.7,0.2,0.024327156130947117
20170201,323,1,1,18,D,D,cyan,0.37988400459289551,0.7,0.2,0.13058828185533947
20170201,323,1,1,19,D,R,magenta,0.0,0.7,0.2,0.09347304029550081
20170201,323,1,1,20,D,F,red,0.0,0.7,0.2,0.14560242154485584
20170201,323,1,1,21,D,f,red,0.39631009101867676,0.7,0.2,0.029451575279671616
20170201,323,1,1,22,D,A,red,0.0,0.7,0.2,0.17200201248844837
20170201,323,1,1,23,D,a,yellow,0.0,0.7,0.2,0.18777834965774687
20170201,323,1,1,24,D,F,cyan,0.49652600288391113,0.7,0.2,0.15062576059947508
20170201,323,1,1,25,D,F,yellow,0.0,0.7,0.2,0.008768871227886632
20170201,323,1,1,26,D,h,cyan,0.0,0.7,0.2,0.1419681841915632
20170201,323,1,1,27,D,H,black,0.42987489700317383,0.7,0.2,0.060050006637348496
20170201,323,1,1,28,D,f,magenta,0.0,0.7,0.2,0.1658698291056383
20170201,323,1,1,29,D,p,magenta,0.0,0.7,0.2,0.16312828440665986
20170201,323,1,2,0,T,Q,cyan,0.0,0.7,0.2,0.14197633836641985
20170201,323,1,2,1,T,S,magenta,0.0,0.7,0.2,0.18883834788693737
20170201,323,1,2,2,T,T,cyan,0.46311712265014648,0.7,0.2,0.021210830832866637
20170201,323,1,2,3,T,D,red,0.46312618255615234,0.7,0.2,0.15843653724633233
20170201,323,1,2,4,T,a,black,0.0,0.7,0.2,0.10166604426213931
20170201,323,1,2,5,T,t,black,0.4128260612487793,0.7,0.2,0.16002541829509298
20170201,323,1,2,6,T,X,red,0.39669489860534668,0.7,0.2,0.002084285518970086
20170201,323,1,2,7,T,s,yellow,0.0,0.7,0.2,0.09364150752641119
20170201,323,1,2,8,T,A,magenta,0.0,0.7,0.2,0.015425119225726026
20170201,323,1,2,9,T,F,yellow,0.0,0.7,0.2,0.13470727147523867
20170201,323,1,2,10,T,q,yellow,0.0,0.7,0.2,0.015352853009239343
20170201,323,1,2,11,T,g,red,0.0,0.7,0.2,0.13333688746761502
20170201,323,1,2,12,T,H,black,0.42992901802062988,0.7,0.2,0.11203509705820731
20170201,323,1,2,13,T,A,black,0.0,0.7,0.2,0.18482128330746117
20170201,323,1,2,14,T,p,cyan,0.0,0.7,0.2,0.10537305755832689
20170201,323,1,2,15,T,S,magenta,0.0,0.7,0.2,0.03630947435652423
20170201,323,1,2,16,T,S,magenta,0.0,0.7,0.2,0.17624079758772515
20170201,323,1,2,17,T,W,red,0.0,0.7,0.2,0.1542187854713968
20170201,323,1,2,18,T,W,yellow,0.37988400459289551,0.7,0.2,0.10170436250665137
20170201,323,1,2,19,T,s,cyan,0.0,0.7,0.2,0.08132836180337644
20170201,323,1,2,20,T,w,cyan,0.0,0.7,0.2,0.08701569072707094
20170201,323,1,2,21,T,H,magenta,0.39631009101867676,0.7,0.2,0.11429441236233343
20170201,323,1,2,22,T,r,yellow,0.0,0.7,0.2,0.18546832946959851
20170201,323,1,2,23,T,Q,cyan,0.0,0.7,0.2,0.10533591885547751
20170201,323,1,2,24,T,r,yellow,0.49652600288391113,0.7,0.2,0.10810346464588415
20170201,323,1,2,25,T,a,yellow,0.0,0.7,0.2,0.16828009294481747
20170201,323,1,2,26,T,g,yellow,0.0,0.7,0.2,0.08121936959896266
20170201,323,1,2,27,T,T,cyan,0.41330385208129883,0.7,0.2,0.17521157648128255
20170201,323,1,2,28,T,D,black,0.0,0.7,0.2,0.16176902120748132
20170201,323,1,2,29,T,A,red,0.0,0.7,0.2,0.057603104745395386
20170201,323,1,3,0,X,q,yellow,0.0,0.7,0.2,0.11678532667873127
20170201,323,1,3,1,X,f,yellow,0.0,0.7,0.2,0.01625162230018238
20170201,323,1,3,2,X,p,magenta,0.46311712265014648,0.7,0.2,0.007010616538759007
20170201,323,1,3,3,X,F,cyan,0.46312618255615234,0.7,0.2,0.1675170372463338
20170201,323,1,3,4,X,G,yellow,0.0,0.7,0.2,0.06615042032404932
20170201,323,1,3,5,X,s,yellow,0.4128260612487793,0.7,0.2,0.16490403571873744
20170201,323,1,3,6,X,R,black,0.39669489860534668,0.7,0.2,0.050639129264166007
20170201,323,1,3,7,X,s,magenta,0.0,0.7,0.2,0.06022670112289468
20170201,323,1,3,8,X,q,red,0.0,0.7,0.2,0.17948637796921674
20170201,323,1,3,9,X,w,cyan,0.0,0.7,0.2,0.13443948248012652
20170201,323,1,3,10,X,p,red,0.0,0.7,0.2,0.024723667668345575
20170201,323,1,3,11,X,T,magenta,0.0,0.7,0.2,0.04308138874652681
20170201,323,1,3,12,X,R,magenta,0.42992901802062988,0.7,0.2,0.015387643510580952
20170201,323,1,3,13,X,H,black,0.0,0.7,0.2,0.01661406169380437
20170201,323,1,3,14,X,A,black,0.0,0.7,0.2,0.01868445953268505
20170201,323,1,3,15,X,F,cyan,0.0,0.7,0.2,0.14059845437617555
20170201,323,1,3,16,X,g,red,0.0,0.7,0.2,0.11726316874154381
20170201,323,1,3,17,X,f,yellow,0.0,0.7,0.2,0.043162013396531966
20170201,323,1,3,18,X,q,magenta,0.37988400459289551,0.7,0.2,0.06369938276745434
20170201,323,1,3,19,X,Q,cyan,0.0,0.7,0.2,0.09327894631055117
20170201,323,1,3,20,X,a,magenta,0.0,0.7,0.2,0.07124891063835004
20170201,323,1,3,21,X,W,yellow,0.39631009101867676,0.7,0.2,0.17881796769786207
20170201,323,1,3,22,X,f,red,0.0,0.7,0.2,0.16172641923931563
20170201,323,1,3,23,X,H,red,0.0,0.7,0.2,0.1334353782972933
20170201,323,1,3,24,X,S,black,0.49652600288391113,0.7,0.2,0.08728268832727648
20170201,323,1,3,25,X,T,yellow,0.0,0.7,0.2,0.08468681635418392
20170201,323,1,3,26,X,D,red,0.0,0.7,0.2,0.03680388744106602
20170201,323,1,3,27,X,p,red,0.41330385208129883,0.7,0.2,0.1778449447202124
20170201,323,1,3,28,X,P,red,0.0,0.7,0.2,0.05680014609184563
20170201,323,1,3,29,X,G,cyan,0.0,0.7,0.2,0.06674243224017744
20170201,323,1,4,0,A,p,black,0.0,0.7,0.2,0.06380598494621684
20170201,323,1,4,1,A,R,cyan,0.0,0.7,0.2,0.029747965585117987
20170201,323,1,4,2,A,F,red,0.46311712265014648,0.7,0.2,0.03599186209499057
20170201,323,1,4,3,A,T,yellow,0.46312618255615234,0.7,0.2,0.1241559377552626
20170201,323,1,4,4,A,q,magenta,0.0,0.7,0.2,0.1688422463434397
20170201,323,1,4,5,A,H,black,0.4128260612487793,0.7,0.2,0.17431449805716803
20170201,323,1,4,6,A,A,yellow,0.54659199714660645,0.7,0.2,0.16861355481662463
20170201,323,1,4,7,A,Q,black,0.0,0.7,0.2,0.1460512875692634
20170201,323,1,4,8,A,q,magenta,0.0,0.7,0.2,0.18794033855709716
20170201,323,1,4,9,A,R,cyan,0.0,0.7,0.2,0.15370290788524923
20170201,323,1,4,10,A,x,yellow,0.0,0.7,0.2,0.02577720112710138
20170201,323,1,4,11,A,w,yellow,0.0,0.7,0.2,0.006893824652959868
20170201,323,1,4,12,A,W,red,0.42992901802062988,0.7,0.2,0.1454801000591795
20170201,323,1,4,13,A,t,yellow,0.0,0.7,0.2,0.1476998336867211
20170201,323,1,4,14,A,h,red,0.0,0.7,0.2,0.046990924312485284
20170201,323,1,4,15,A,d,red,0.0,0.7,0.2,0.19782555475653518
20170201,323,1,4,16,A,q,black,0.0,0.7,0.2,0.009714503738682635
20170201,323,1,4,17,A,H,yellow,0.0,0.7,0.2,0.1347030504812986
20170201,323,1,4,18,A,H,magenta,0.37988400459289551,0.7,0.2,0.028321894553919293
20170201,323,1,4,19,A,R,magenta,0.0,0.7,0.2,0.15956429499878463
20170201,323,1,4,20,A,P,cyan,0.0,0.7,0.2,0.17849913890219846
20170201,323,1,4,21,A,Q,red,0.39631009101867676,0.7,0.2,0.08187007991344751
20170201,323,1,4,22,A,G,black,0.0,0.7,0.2,0.15830419120289363
20170201,323,1,4,23,A,T,yellow,0.0,0.7,0.2,0.05104135962225664
20170201,323,1,4,24,A,r,red,0.49652600288391113,0.7,0.2,0.06926248503397701
20170201,323,1,4,25,A,d,yellow,0.0,0.7,0.2,0.011162571594251804
20170201,323,1,4,26,A,h,cyan,0.0,0.7,0.2,0.1428343751867184
20170201,323,1,4,27,A,d,cyan,0.41330385208129883,0.7,0.2,0.11320265239129279
20170201,323,1,4,28,A,H,yellow,0.0,0.7,0.2,0.07485116455192807
20170201,323,1,4,29,A,x,cyan,0.0,0.7,0.2,0.06575917266684643
