Participant,Session,Block,Stim ID,Stim Type,Response Time,Stimulus time,blank time,blank jitter
0,0,0,0,1,0.40046596527099609,0.5,0.3,0.26117270207272825
0,0,0,1,2,0.24799799919128418,0.5,0.3,0.01750259569591961
0,0,0,2,1,0.23141717910766602,0.5,0.3,0.1131761581551566
0,0,0,3,1,0.24796915054321289,0.5,0.3,0.025558940701320542
0,0,0,4,1,0.24798703193664551,0.5,0.3,0.0068335055666408845
0,0,0,5,1,0.24801516532897949,0.5,0.3,0.25820259952831615
0,0,0,6,2,0.03135991096496582,0.5,0.3,0.1241979397510861
0,0,0,7,1,0.23136210441589355,0.5,0.3,0.2970632224535362
0,0,0,8,1,0.29803895950317383,0.5,0.3,0.1563696500198589
0,0,0,9,1,0.2646639347076416,0.5,0.3,0.12229555915687589
0,0,0,10,1,0.26472091674804688,0.5,0.3,0.063725072786998
0,0,0,11,1,0.29802203178405762,0.5,0.3,0.11278528784858637
0,0,0,12,1,0.31465506553649902,0.5,0.3,0.29948591925659684
0,0,0,13,1,0.2813560962677002,0.5,0.3,0.08355867588381206
0,0,0,14,1,0.24805784225463867,0.5,0.3,0.06226336632438931
0,0,0,15,1,0.2647700309753418,0.5,0.3,0.24627840850282123
0,0,0,16,1,0.34801793098449707,0.5,0.3,0.2742794546092502
0,0,0,17,1,0.29796314239501953,0.5,0.3,0.1681157338405812
0,0,0,18,1,0.28130793571472168,0.5,0.3,0.16884557497558247
0,0,0,19,1,0.43136000633239746,0.5,0.3,0.04913807309269353
0,0,0,20,1,0.23141002655029297,0.5,0.3,0.14290913743803593
0,0,0,21,1,0.24807095527648926,0.5,0.3,0.017040536485071055
0,0,0,22,1,0.23133397102355957,0.5,0.3,0.0740441273885027
0,0,0,23,1,0.24805021286010742,0.5,0.3,0.16596617252302814
0,0,0,24,1,0.2812950611114502,0.5,0.3,0.024780439680251277
0,0,0,25,1,0.26469898223876953,0.5,0.3,0.2898797948756172
0,0,0,26,2,0.76469802856445312,0.5,0.3,0.29669769519184197
0,0,0,27,1,0.28145813941955566,0.5,0.3,0.1052286302060382
0,0,0,28,1,0.29806017875671387,0.5,0.3,0.035879070032309925
0,0,0,29,1,0.23137497901916504,0.5,0.3,0.22088792480496458
0,0,0,30,2,0.79798102378845215,0.5,0.3,0.17909127419411222
0,0,0,31,1,0.24811291694641113,0.5,0.3,0.2923658047497857
0,0,0,32,1,0.33135795593261719,0.5,0.3,0.08029889846553658
0,0,0,33,2,0.0,0.5,0.3,0.10856152916243751
0,0,0,34,1,0.24805212020874023,0.5,0.3,0.2616765040658782
0,0,0,35,1,0.34786295890808105,0.5,0.3,0.27706763049872973
0,0,0,36,1,0.29799008369445801,0.5,0.3,0.2581574086045462
0,0,0,37,2,0.0,0.5,0.3,0.10135624999776723
0,0,0,38,1,0.24803614616394043,0.5,0.3,0.0630089951906808
0,0,0,39,1,0.24798917770385742,0.5,0.3,0.21299647936285487
0,0,1,0,1,0.28130888938903809,0.5,0.3,0.15787491409060453
0,0,1,1,2,0.26462602615356445,0.5,0.3,0.16886647943901578
0,0,1,2,1,0.2314300537109375,0.5,0.3,0.2395357660022029
0,0,1,3,1,0.3314049243927002,0.5,0.3,0.19862856734112033
0,0,1,4,1,0.31476998329162598,0.5,0.3,0.09101852933264444
0,0,1,5,1,0.29806900024414062,0.5,0.3,0.17694975762953688
0,0,1,6,2,0.28137922286987305,0.5,0.3,0.15951363308058067
0,0,1,7,1,0.24791121482849121,0.5,0.3,0.15128539863769938
0,0,1,8,1,0.3813471794128418,0.5,0.3,0.08623441446983866
0,0,1,9,1,0.26463699340820312,0.5,0.3,0.19967372825713006
0,0,1,10,1,0.29806900024414062,0.5,0.3,0.2774146705513208
0,0,1,11,1,0.2980492115020752,0.5,0.3,0.10813025125032873
0,0,1,12,1,0.29809999465942383,0.5,0.3,0.12243857815121123
0,0,1,13,1,0.26467800140380859,0.5,0.3,0.2246015349151436
0,0,1,14,1,0.29791092872619629,0.5,0.3,0.12283114943163853
0,0,1,15,1,0.31483697891235352,0.5,0.3,0.275700462627846
0,0,1,16,1,0.31467509269714355,0.5,0.3,0.2644581374259544
0,0,1,17,1,0.26471090316772461,0.5,0.3,0.16880497439128217
0,0,1,18,1,0.29798698425292969,0.5,0.3,0.1278597459055684
0,0,1,19,1,0.36472511291503906,0.5,0.3,0.21496978911712394
0,0,1,20,1,0.33155584335327148,0.5,0.3,0.18391330503784095
0,0,1,21,1,0.16468286514282227,0.5,0.3,0.040734437009511744
0,0,1,22,1,0.28126788139343262,0.5,0.3,0.137730451168455
0,0,1,23,1,0.31468987464904785,0.5,0.3,0.08620938949985316
0,0,1,24,1,0.41475701332092285,0.5,0.3,0.039236319982126545
0,0,1,25,1,0.24806594848632812,0.5,0.3,0.09654425507974394
0,0,1,26,2,0.76469802856445312,0.5,0.3,0.25946877141983576
0,0,1,27,1,0.21466302871704102,0.5,0.3,0.13344730493581722
0,0,1,28,1,0.24816298484802246,0.5,0.3,0.17789616342364709
0,0,1,29,1,0.26460909843444824,0.5,0.3,0.27842204626106704
0,0,1,30,2,0.26472711563110352,0.5,0.3,0.1565734913017092
0,0,1,31,1,0.26465106010437012,0.5,0.3,0.02688719814932673
0,0,1,32,1,0.2813260555267334,0.5,0.3,0.0004900120798173591
0,0,1,33,2,0.26470208168029785,0.5,0.3,0.28643161055060573
0,0,1,34,1,0.24809694290161133,0.5,0.3,0.16906826855061438
0,0,1,35,1,0.29800605773925781,0.5,0.3,0.15936502016324053
0,0,1,36,1,0.33147501945495605,0.5,0.3,0.05657743793289835
0,0,1,37,2,0.26473093032836914,0.5,0.3,0.14860811555722087
0,0,1,38,1,0.23135590553283691,0.5,0.3,0.19411930037570746
0,0,1,39,1,0.28135991096496582,0.5,0.3,0.05764648001731108
1,2,0,0,1,0.66382098197937012,0.5,0.3,0.08683903181832515
1,2,0,1,1,0.29628801345825195,0.5,0.3,0.14345739325728396
1,2,0,2,1,0.23094892501831055,0.5,0.3,0.1853828676348692
1,2,0,3,1,0.080637931823730469,0.5,0.3,0.033143045869706664
1,2,0,4,1,0.28075098991394043,0.5,0.3,0.19578861604440198
1,2,0,5,1,0.23084092140197754,0.5,0.3,0.15185648002461818
1,2,0,6,2,0.2306208610534668,0.5,0.3,0.2533755988757983
1,2,0,7,1,0.014336824417114258,0.5,0.3,0.2761120957089074
1,2,0,8,1,0.24663281440734863,0.5,0.3,0.21759278013966746
1,2,0,9,2,0.39747285842895508,0.5,0.3,0.29079044794972286
1,2,0,10,1,0.23080682754516602,0.5,0.3,0.2733104609859363
1,2,0,11,1,0.34764504432678223,0.5,0.3,0.24771821183410783
1,2,0,12,1,0.31415390968322754,0.5,0.3,0.11303935632128734
1,2,0,13,1,0.29746103286743164,0.5,0.3,0.23774830431071822
1,2,0,14,1,0.31422901153564453,0.5,0.3,0.09983115192600102
1,2,0,15,1,0.29645800590515137,0.5,0.3,0.033881065106137385
1,2,0,16,1,0.28102684020996094,0.5,0.3,0.04658877289306766
1,2,0,17,1,0.24637985229492188,0.5,0.3,0.267647415247795
1,2,0,18,1,0.33070898056030273,0.5,0.3,0.22087932066145297
1,2,0,19,2,0.0,0.5,0.3,0.03238242354711766
1,2,0,20,2,0.33090996742248535,0.5,0.3,0.02936861417995974
1,2,0,21,1,0.3789370059967041,0.5,0.3,0.10226354617068809
1,2,0,22,1,0.34753584861755371,0.5,0.3,0.1419146196519753
1,2,0,23,1,0.32973790168762207,0.5,0.3,0.2819727534944358
1,2,0,24,1,0.3462519645690918,0.5,0.3,0.1338991292180769
1,2,0,25,1,0.34764885902404785,0.5,0.3,0.11582026292999024
1,2,0,26,1,0.26416993141174316,0.5,0.3,0.15927073427735186
1,2,0,27,2,0.0,0.5,0.3,0.04824793226656977
1,2,0,28,2,0.26279807090759277,0.5,0.3,0.08341924865808785
1,2,0,29,1,0.23083305358886719,0.5,0.3,0.13152435721734604
1,2,0,30,1,0.44601917266845703,0.5,0.3,0.2559782619691038
1,2,0,31,2,0.26277494430541992,0.5,0.3,0.2778406273215569
1,2,0,32,1,0.2471768856048584,0.5,0.3,0.15346014421177367
1,2,0,33,1,0.41433191299438477,0.5,0.3,0.2893318073316075
1,2,0,34,1,0.34759306907653809,0.5,0.3,0.099251947752473
1,2,0,35,1,0.31431078910827637,0.5,0.3,0.03314631957025225
1,2,0,36,1,0.2810511589050293,0.5,0.3,0.11641750711153054
1,2,0,37,2,0.29766607284545898,0.5,0.3,0.2193497863314926
1,2,0,38,1,0.26423096656799316,0.5,0.3,0.2821617052788367
1,2,0,39,1,0.54786300659179688,0.5,0.3,0.2600304810119478
1,2,0,40,1,0.28092217445373535,0.5,0.3,0.044301581433690916
1,2,0,41,1,0.26409816741943359,0.5,0.3,0.003339560914204609
1,2,0,42,1,0.29771900177001953,0.5,0.3,0.04604205213828123
1,2,0,43,1,0.29755306243896484,0.5,0.3,0.2718490705201947
1,2,0,44,1,0.3309018611907959,0.5,0.3,0.2582640304443648
1,2,0,45,1,0.33090400695800781,0.5,0.3,0.19904504194591907
1,2,0,46,1,0.27980208396911621,0.5,0.3,0.24371381570402822
1,2,0,47,1,0.28074502944946289,0.5,0.3,0.12557027596360862
1,2,0,48,1,0.34766888618469238,0.5,0.3,0.1251382904920435
1,2,0,49,1,0.29646492004394531,0.5,0.3,0.15183880068875374
1,2,0,50,2,0.28080987930297852,0.5,0.3,0.09867778116792165
1,2,0,51,1,0.24649906158447266,0.5,0.3,0.2867218381988403
1,2,0,52,2,0.0,0.5,0.3,0.04710299932349294
1,2,0,53,1,0.28084897994995117,0.5,0.3,0.057008550567112265
1,2,0,54,2,0.0,0.5,0.3,0.055723979976315105
1,2,0,55,1,0.4310150146484375,0.5,0.3,0.1609618747732072
1,2,0,56,2,0.0,0.5,0.3,0.17996142963638506
1,2,0,57,1,0.22956991195678711,0.5,0.3,0.25069583421134134
1,2,0,58,1,0.28085803985595703,0.5,0.3,0.1473568804896175
1,2,0,59,1,0.3131561279296875,0.5,0.3,0.011389540464844083
1,2,1,0,1,0.29756712913513184,0.5,0.3,0.06692583428506925
1,2,1,1,1,0.27974510192871094,0.5,0.3,0.10003071472367628
1,2,1,2,1,0.24752402305603027,0.5,0.3,0.1570167168300603
1,2,1,3,1,0.28103089332580566,0.5,0.3,0.03293602747767511
1,2,1,4,1,0.24649596214294434,0.5,0.3,0.20720687182142772
1,2,1,5,1,0.26417803764343262,0.5,0.3,0.2920555595260257
1,2,1,6,2,0.2306208610534668,0.5,0.3,0.17249795942326215
1,2,1,7,1,0.3965449333190918,0.5,0.3,0.05963355082459378
1,2,1,8,1,0.26424121856689453,0.5,0.3,0.044669567794759245
1,2,1,9,2,0.24764800071716309,0.5,0.3,0.19983632127169318
1,2,1,10,1,0.22936487197875977,0.5,0.3,0.10492835164435252
1,2,1,11,1,0.2475430965423584,0.5,0.3,0.249894728489973
1,2,1,12,1,0.29766988754272461,0.5,0.3,0.1454346999642734
1,2,1,13,1,0.24757218360900879,0.5,0.3,0.11620986411282437
1,2,1,14,1,0.2641761302947998,0.5,0.3,0.16303557559795306
1,2,1,15,1,0.26309585571289062,0.5,0.3,0.032955043416694176
1,2,1,16,1,0.26403021812438965,0.5,0.3,0.09713735563625675
1,2,1,17,1,0.2476952075958252,0.5,0.3,0.16510802471915006
1,2,1,18,1,0.26406502723693848,0.5,0.3,0.21331362816189733
1,2,1,19,2,0.13096499443054199,0.5,0.3,0.003737144958594396
1,2,1,20,2,0.26313686370849609,0.5,0.3,0.060076647883592155
1,2,1,21,1,0.24758100509643555,0.5,0.3,0.09718319490831509
1,2,1,22,1,0.26433801651000977,0.5,0.3,0.015677358784947904
1,2,1,23,1,0.29750895500183105,0.5,0.3,0.08660588427307052
1,2,1,24,1,0.26444101333618164,0.5,0.3,0.2558846146888169
1,2,1,25,1,0.24750113487243652,0.5,0.3,0.18240982266809236
1,2,1,26,1,0.26427102088928223,0.5,0.3,0.13642410029253518
1,2,1,27,2,0.24772000312805176,0.5,0.3,0.17310167892645428
1,2,1,28,2,0.21431803703308105,0.5,0.3,0.2511858693328311
1,2,1,29,1,0.34771084785461426,0.5,0.3,0.2926437696810202
1,2,1,30,1,0.26435708999633789,0.5,0.3,0.28016640199966386
1,2,1,31,2,0.26277494430541992,0.5,0.3,0.06208382169443117
1,2,1,32,1,0.29743313789367676,0.5,0.3,0.2446638247400049
1,2,1,33,1,0.31420993804931641,0.5,0.3,0.03256614875261841
1,2,1,34,1,0.32968497276306152,0.5,0.3,0.10928306598293915
1,2,1,35,1,0.39754581451416016,0.5,0.3,0.11523693406910936
1,2,1,36,1,0.33059597015380859,0.5,0.3,0.008280577334434847
1,2,1,37,2,0.29766607284545898,0.5,0.3,0.25999522834444544
1,2,1,38,1,0.34762907028198242,0.5,0.3,0.012932438442596816
1,2,1,39,1,0.31422710418701172,0.5,0.3,0.14647742509849443
1,2,1,40,1,0.71436786651611328,0.5,0.3,0.27100550695030123
1,2,1,41,1,0.2641909122467041,0.5,0.3,0.2447743697600347
1,2,1,42,1,0.29741382598876953,0.5,0.3,0.18942875858380864
1,2,1,43,1,0.26368498802185059,0.5,0.3,0.19416509297905302
1,2,1,44,1,0.29777407646179199,0.5,0.3,0.049398635912464295
1,2,1,45,1,0.33084607124328613,0.5,0.3,0.07140054164356625
1,2,1,46,1,0.28105878829956055,0.5,0.3,0.1542209140306317
1,2,1,47,1,0.28103303909301758,0.5,0.3,0.138131697407914
1,2,1,48,1,0.29771709442138672,0.5,0.3,0.09160310822990426
1,2,1,49,1,0.28093791007995605,0.5,0.3,0.08326015992973694
1,2,1,50,2,0.28080987930297852,0.5,0.3,0.24871564282143638
1,2,1,51,1,0.33076095581054688,0.5,0.3,0.22329927264085234
1,2,1,52,2,0.26472187042236328,0.5,0.3,0.14141703423927393
1,2,1,53,1,0.19757318496704102,0.5,0.3,0.1074483279842099
1,2,1,54,2,0.26424193382263184,0.5,0.3,0.11949424557307686
1,2,1,55,1,0.16317892074584961,0.5,0.3,0.11338554815241146
1,2,1,56,2,0.29753804206848145,0.5,0.3,0.2413829129631852
1,2,1,57,1,0.19763898849487305,0.5,0.3,0.2917358678021994
1,2,1,58,1,0.26292204856872559,0.5,0.3,0.20473319759974076
1,2,1,59,1,0.24758815765380859,0.5,0.3,0.2312844555574626
1,2,2,0,1,0.14754199981689453,0.5,0.3,0.2060769844673422
1,2,2,1,1,0.27969789505004883,0.5,0.3,0.09069223690554835
1,2,2,2,1,0.24753117561340332,0.5,0.3,0.19395773103861294
1,2,2,3,1,0.28037714958190918,0.5,0.3,0.1325769150965416
1,2,2,4,1,0.26454496383666992,0.5,0.3,0.2787667384145673
1,2,2,5,1,0.23128890991210938,0.5,0.3,0.023564050815151182
1,2,2,6,2,0.34758400917053223,0.5,0.3,0.24448243517359253
1,2,2,7,1,0.031278848648071289,0.5,0.3,0.29691992688950636
1,2,2,8,1,0.24823284149169922,0.5,0.3,0.21023028181168424
1,2,2,9,2,0.29809188842773438,0.5,0.3,0.03427753170509692
1,2,2,10,1,0.26459097862243652,0.5,0.3,0.1753745606855758
1,2,2,11,1,0.36466312408447266,0.5,0.3,0.2820692510860369
1,2,2,12,1,0.34810900688171387,0.5,0.3,0.011551788419261577
1,2,2,13,1,0.31472301483154297,0.5,0.3,0.06897654060495458
1,2,2,14,1,0.29787993431091309,0.5,0.3,0.1033057356289966
1,2,2,15,1,0.29795408248901367,0.5,0.3,0.21144061672654696
1,2,2,16,1,0.29788994789123535,0.5,0.3,0.2023850430143948
1,2,2,17,1,0.28143501281738281,0.5,0.3,0.010678240202861077
1,2,2,18,1,0.31438183784484863,0.5,0.3,0.20868105952782237
1,2,2,19,2,0.28130698204040527,0.5,0.3,0.10768408390749513
1,2,2,20,2,0.24804306030273438,0.5,0.3,0.2733933784106437
1,2,2,21,1,0.28115200996398926,0.5,0.3,0.12434049505202477
1,2,2,22,1,0.34801793098449707,0.5,0.3,0.15207069897806677
1,2,2,23,1,0.38150596618652344,0.5,0.3,0.24880800663998515
1,2,2,24,1,0.29804706573486328,0.5,0.3,0.13935319950909303
1,2,2,25,1,0.33130717277526855,0.5,0.3,0.030797062943042797
1,2,2,26,1,0.31467485427856445,0.5,0.3,0.2204769038245381
1,2,2,27,2,0.28132486343383789,0.5,0.3,0.2465023082404335
1,2,2,28,2,0.24799394607543945,0.5,0.3,0.10143772369943238
1,2,2,29,1,0.31512713432312012,0.5,0.3,0.08342334522680853
1,2,2,30,1,0.31324291229248047,0.5,0.3,0.21101880717728744
1,2,2,31,2,0.26277494430541992,0.5,0.3,0.09219669083617005
1,2,2,32,1,0.24809598922729492,0.5,0.3,0.1256774965583358
1,2,2,33,1,0.33135795593261719,0.5,0.3,0.016091083837164344
1,2,2,34,1,0.28129792213439941,0.5,0.3,0.08146978156489648
1,2,2,35,1,0.38123106956481934,0.5,0.3,0.23797001225220074
1,2,2,36,1,0.34786486625671387,0.5,0.3,0.20195421864317972
1,2,2,37,2,0.28114914894104004,0.5,0.3,0.07691731676916533
1,2,2,38,1,0.24797511100769043,0.5,0.3,0.2868833284516867
1,2,2,39,1,0.33141589164733887,0.5,0.3,0.14954038697338318
1,2,2,40,1,0.31455588340759277,0.5,0.3,0.02872563918397921
1,2,2,41,1,0.36467909812927246,0.5,0.3,0.1837752347317766
1,2,2,42,1,0.31470108032226562,0.5,0.3,0.014992582146507793
1,2,2,43,1,0.44795584678649902,0.5,0.3,0.2888143599167481
1,2,2,44,1,0.29723000526428223,0.5,0.3,0.07300025504151905
1,2,2,45,1,0.44693684577941895,0.5,0.3,0.0936394265272416
1,2,2,46,1,0.2645869255065918,0.5,0.3,0.2622394278099898
1,2,2,47,1,0.23148083686828613,0.5,0.3,0.2351607538442134
1,2,2,48,1,0.29771709442138672,0.5,0.3,0.11770930459973661
1,2,2,49,1,0.26458096504211426,0.5,0.3,0.0621531916566726
1,2,2,50,2,0.28152203559875488,0.5,0.3,0.22426824954182534
1,2,2,51,1,0.24796605110168457,0.5,0.3,0.1662890226518062
1,2,2,52,2,0.33127498626708984,0.5,0.3,0.20475205990824247
1,2,2,53,1,0.24802207946777344,0.5,0.3,0.21630678858876626
1,2,2,54,2,0.26424193382263184,0.5,0.3,0.25689440319039636
1,2,2,55,1,0.28140091896057129,0.5,0.3,0.1637933500573763
1,2,2,56,2,0.29753804206848145,0.5,0.3,0.16951293311257803
1,2,2,57,1,0.19763898849487305,0.5,0.3,0.1294029403014175
1,2,2,58,1,0.51489090919494629,0.5,0.3,0.2333869912168977
1,2,2,59,1,0.31482791900634766,0.5,0.3,0.03359975417051526
1,2,3,0,1,0.31450796127319336,0.5,0.3,0.03747664427505265
1,2,3,1,1,0.46469521522521973,0.5,0.3,0.060853183443083866
1,2,3,2,1,0.28130388259887695,0.5,0.3,0.0535674769084134
1,2,3,3,1,0.28124022483825684,0.5,0.3,0.2490495133689799
1,2,3,4,1,0.33151698112487793,0.5,0.3,0.2645433922012411
1,2,3,5,1,0.31479811668395996,0.5,0.3,0.28419119097469586
1,2,3,6,2,0.34758400917053223,0.5,0.3,0.2406015404026674
1,2,3,7,1,0.33136391639709473,0.5,0.3,0.03175972367665346
1,2,3,8,1,0.29790496826171875,0.5,0.3,0.1257714698857454
1,2,3,9,2,0.29804611206054688,0.5,0.3,0.2946293306552431
1,2,3,10,1,0.031351089477539062,0.5,0.3,0.0015848145828643134
1,2,3,11,1,0.48145508766174316,0.5,0.3,0.06489618781044884
1,2,3,12,1,0.43083882331848145,0.5,0.3,0.1012961404801259
1,2,3,13,1,0.29784798622131348,0.5,0.3,0.2705324806957957
1,2,3,14,1,0.31463789939880371,0.5,0.3,0.1373178320295738
1,2,3,15,1,0.28136706352233887,0.5,0.3,0.09791150717693099
1,2,3,16,1,0.29788684844970703,0.5,0.3,0.28080655839899704
1,2,3,17,1,0.28121304512023926,0.5,0.3,0.03897705361167925
1,2,3,18,1,0.26388406753540039,0.5,0.3,0.03971927970681942
1,2,3,19,2,0.26471400260925293,0.5,0.3,0.2387577756239496
1,2,3,20,2,0.24704122543334961,0.5,0.3,0.27353672363517423
1,2,3,21,1,0.2643430233001709,0.5,0.3,0.05179208471254665
1,2,3,22,1,0.34801793098449707,0.5,0.3,0.2793637793339428
1,2,3,23,1,0.28135991096496582,0.5,0.3,0.23817384966528485
1,2,3,24,1,0.26462793350219727,0.5,0.3,0.01869956165824874
1,2,3,25,1,0.26460695266723633,0.5,0.3,0.2216418948877484
1,2,3,26,1,0.13126587867736816,0.5,0.3,0.23740766430606247
1,2,3,27,2,0.28001213073730469,0.5,0.3,0.1686348014308992
1,2,3,28,2,0.23150300979614258,0.5,0.3,0.19263686285154988
1,2,3,29,1,0.49805998802185059,0.5,0.3,0.02719157812799705
1,2,3,30,1,0.28113293647766113,0.5,0.3,0.053706671116908834
1,2,3,31,2,0.24740314483642578,0.5,0.3,0.13962850855009362
1,2,3,32,1,0.21472692489624023,0.5,0.3,0.04780761691606681
1,2,3,33,1,0.33136105537414551,0.5,0.3,0.16766249882495773
1,2,3,34,1,0.36479282379150391,0.5,0.3,0.24773367990153955
1,2,3,35,1,0.44811296463012695,0.5,0.3,0.2024263476646706
1,2,3,36,1,0.34807300567626953,0.5,0.3,0.2560542613141478
1,2,3,37,2,0.29789280891418457,0.5,0.3,0.25335710462171884
1,2,3,38,1,0.28127503395080566,0.5,0.3,0.18282078166394125
1,2,3,39,1,0.41469407081604004,0.5,0.3,0.09706872060020166
1,2,3,40,1,0.24803900718688965,0.5,0.3,0.13533115255324468
1,2,3,41,1,0.31468105316162109,0.5,0.3,0.2995126781708568
1,2,3,42,1,0.59806299209594727,0.5,0.3,0.26760406422251093
1,2,3,43,1,0.28147602081298828,0.5,0.3,0.2822708691987548
1,2,3,44,1,0.26449298858642578,0.5,0.3,0.2658442283131905
1,2,3,45,1,0.34787988662719727,0.5,0.3,0.17851280312247803
1,2,3,46,1,0.29795694351196289,0.5,0.3,0.05895230739035768
1,2,3,47,1,0.31458687782287598,0.5,0.3,0.15410525370979694
1,2,3,48,1,0.24807095527648926,0.5,0.3,0.08239367212529919
1,2,3,49,1,0.34810781478881836,0.5,0.3,0.14701392004278727
1,2,3,50,2,0.28152203559875488,0.5,0.3,0.2367593372925088
1,2,3,51,1,0.26455402374267578,0.5,0.3,0.028010652823803328
1,2,3,52,2,0.23146605491638184,0.5,0.3,0.17713424541948197
1,2,3,53,1,0.23122191429138184,0.5,0.3,0.06777993595915106
1,2,3,54,2,0.29810905456542969,0.5,0.3,0.15510129719684332
1,2,3,55,1,0.14790701866149902,0.5,0.3,0.1924434142953436
1,2,3,56,2,0.29753804206848145,0.5,0.3,0.28576967706349354
1,2,3,57,1,0.33117294311523438,0.5,0.3,0.22186544862656823
1,2,3,58,1,0.33131790161132812,0.5,0.3,0.12554162868248206
1,2,3,59,1,0.34804821014404297,0.5,0.3,0.06353563239288465
1,2,4,0,1,0.3145289421081543,0.5,0.3,0.03490867165691792
1,2,4,1,1,0.3469240665435791,0.5,0.3,0.16746140590181716
1,2,4,2,1,0.28145003318786621,0.5,0.3,0.17737743893153074
1,2,4,3,1,0.26468992233276367,0.5,0.3,0.2651781716671282
1,2,4,4,1,0.2315070629119873,0.5,0.3,0.14522122237087162
1,2,4,5,1,0.24806308746337891,0.5,0.3,0.09260818098124281
1,2,4,6,2,0.26477503776550293,0.5,0.3,0.12892506407378881
1,2,4,7,1,0.33136391639709473,0.5,0.3,0.1456055364349914
1,2,4,8,1,0.24791312217712402,0.5,0.3,0.13906818959383271
1,2,4,9,2,0.34814906120300293,0.5,0.3,0.021899059493263293
1,2,4,10,1,0.31469893455505371,0.5,0.3,0.05539999856240445
1,2,4,11,1,0.33145308494567871,0.5,0.3,0.05735100139784169
1,2,4,12,1,0.28148198127746582,0.5,0.3,0.13112451045458556
1,2,4,13,1,0.26473808288574219,0.5,0.3,0.2636151141673519
1,2,4,14,1,0.24800801277160645,0.5,0.3,0.23689816474723616
1,2,4,15,1,0.28145003318786621,0.5,0.3,0.20949246042228659
1,2,4,16,1,0.24764299392700195,0.5,0.3,0.10785701265011657
1,2,4,17,1,0.24797916412353516,0.5,0.3,0.16514349172809528
1,2,4,18,1,0.29804682731628418,0.5,0.3,0.21761484247839988
1,2,4,19,2,0.2980501651763916,0.5,0.3,0.21577993582103858
1,2,4,20,2,0.16467690467834473,0.5,0.3,0.23177758503148888
1,2,4,21,1,0.2814030647277832,0.5,0.3,0.2872130083638965
1,2,4,22,1,0.2983238697052002,0.5,0.3,0.1835137935642586
1,2,4,23,1,0.4311680793762207,0.5,0.3,0.0672532824714437
1,2,4,24,1,0.24806308746337891,0.5,0.3,0.18244459033051807
1,2,4,25,1,0.28144717216491699,0.5,0.3,0.2137976462452777
1,2,4,26,1,0.2812950611114502,0.5,0.3,0.028872159962579278
1,2,4,27,2,0.26433110237121582,0.5,0.3,0.14762510002417442
1,2,4,28,2,0.11472988128662109,0.5,0.3,0.10530165457732334
1,2,4,29,1,0.2981569766998291,0.5,0.3,0.16961819416253385
1,2,4,30,1,0.31463289260864258,0.5,0.3,0.1214722440642446
1,2,4,31,2,0.24740314483642578,0.5,0.3,0.12614890248677849
1,2,4,32,1,0.2479548454284668,0.5,0.3,0.042140539827983436
1,2,4,33,1,0.39780187606811523,0.5,0.3,0.020525785242926652
1,2,4,34,1,0.24792599678039551,0.5,0.3,0.19981929677913737
1,2,4,35,1,0.29813408851623535,0.5,0.3,0.2366452693111243
1,2,4,36,1,0.2478029727935791,0.5,0.3,0.08500552186343723
1,2,4,37,2,0.28111505508422852,0.5,0.3,0.28498124556785526
1,2,4,38,1,0.58149981498718262,0.5,0.3,0.2450637653678478
1,2,4,39,1,0.23125410079956055,0.5,0.3,0.24632249265170406
1,2,4,40,1,0.24803900718688965,0.5,0.3,0.210726782470428
1,2,4,41,1,0.28125,0.5,0.3,0.1479129474435807
1,2,4,42,1,0.24701499938964844,0.5,0.3,0.014927991756294622
1,2,4,43,1,0.28050708770751953,0.5,0.3,0.035457897958268744
1,2,4,44,1,0.24800300598144531,0.5,0.3,0.17994308149559712
1,2,4,45,1,0.26370096206665039,0.5,0.3,0.10591697973465097
1,2,4,46,1,0.23129105567932129,0.5,0.3,0.1404757133141546
1,2,4,47,1,0.13037896156311035,0.5,0.3,0.27804942747923556
1,2,4,48,1,0.11458706855773926,0.5,0.3,0.29074258697813293
1,2,4,49,1,0.064798116683959961,0.5,0.3,0.2300426571746428
1,2,4,50,2,0.24807310104370117,0.5,0.3,0.20669077026027663
1,2,4,51,1,0.2313380241394043,0.5,0.3,0.010795154572734122
1,2,4,52,2,0.23146605491638184,0.5,0.3,0.20349661443207154
1,2,4,53,1,0.23035597801208496,0.5,0.3,0.13365498097159953
1,2,4,54,2,0.28137803077697754,0.5,0.3,0.08940465726583553
1,2,4,55,1,0.24702787399291992,0.5,0.3,0.2520592921456757
1,2,4,56,2,0.29753804206848145,0.5,0.3,0.11182646937164613
1,2,4,57,1,0.31459712982177734,0.5,0.3,0.05262706733746005
1,2,4,58,1,0.28145718574523926,0.5,0.3,0.24360550507559442
1,2,4,59,1,0.31472992897033691,0.5,0.3,0.14897131162618588
304,1,0,0,1,0.45635700225830078,0.5,0.3,0.2763641417453991
304,1,0,1,1,0.34805989265441895,0.5,0.3,0.2917033661765834
304,1,0,2,2,0.0,0.5,0.3,0.05965575551129062
304,1,0,3,1,0.3480830192565918,0.5,0.3,0.2943409678158074
304,1,0,4,2,0.0,0.5,0.3,0.2093368769312538
304,1,0,5,1,0.38151812553405762,0.5,0.3,0.25903586963785796
304,1,0,6,1,0.41465497016906738,0.5,0.3,0.23738851340557024
304,1,0,7,2,0.0,0.5,0.3,0.03644050157230071
304,1,0,8,1,0.43129801750183105,0.5,0.3,0.17684946101705465
304,1,0,9,1,0.39780902862548828,0.5,0.3,0.27901309822683157
304,1,0,10,1,0.29804801940917969,0.5,0.3,0.061303146852278764
304,1,0,11,2,0.0,0.5,0.3,0.0791926329255801
304,1,0,12,1,0.29791903495788574,0.5,0.3,0.05540701761098594
304,1,0,13,1,0.36468982696533203,0.5,0.3,0.23783061833979624
304,1,0,14,1,0.34788894653320312,0.5,0.3,0.19086394158884468
304,1,0,15,1,0.31451892852783203,0.5,0.3,0.2852228424625999
304,1,0,16,1,0.36468601226806641,0.5,0.3,0.06625898411069861
304,1,0,17,1,0.4479219913482666,0.5,0.3,0.04826793150590054
304,1,0,18,1,0.56469488143920898,0.5,0.3,0.26288754536001463
304,1,0,19,1,0.33130812644958496,0.5,0.3,0.0987825708709444
304,1,1,0,1,0.46462178230285645,0.5,0.3,0.2653217206541172
304,1,1,1,1,0.31455302238464355,0.5,0.3,0.11597158452913452
304,1,1,2,2,0.0,0.5,0.3,0.02459334292316947
304,1,1,3,1,0.34794998168945312,0.5,0.3,0.29302843162492026
304,1,1,4,2,0.0,0.5,0.3,0.21412876669455552
304,1,1,5,1,0.23130893707275391,0.5,0.3,0.225598904682752
304,1,1,6,1,0.26457595825195312,0.5,0.3,0.207830870050207
304,1,1,7,2,0.0,0.5,0.3,0.005186027716340758
304,1,1,8,1,0.26465392112731934,0.5,0.3,0.247844141522186
304,1,1,9,1,0.24801898002624512,0.5,0.3,0.042831143462620104
304,1,1,10,1,0.38136506080627441,0.5,0.3,0.24092107151430225
304,1,1,11,2,0.0,0.5,0.3,0.2072190877592227
304,1,1,12,1,0.23147106170654297,0.5,0.3,0.03897947153314666
304,1,1,13,1,0.33128595352172852,0.5,0.3,0.2616724657797263
304,1,1,14,1,0.29798603057861328,0.5,0.3,0.2903072539741438
304,1,1,15,1,0.3312690258026123,0.5,0.3,0.04392369738969763
304,1,1,16,1,0.34794998168945312,0.5,0.3,0.07579624945270128
304,1,1,17,1,0.39802289009094238,0.5,0.3,0.03482815087326533
304,1,1,18,1,0.38133502006530762,0.5,0.3,0.18214914116324324
304,1,1,19,1,0.34799313545227051,0.5,0.3,0.09729390438480141
304,1,2,0,1,0.38133788108825684,0.5,0.3,0.2722397775396658
304,1,2,1,1,0.36468601226806641,0.5,0.3,0.20210538043097523
304,1,2,2,2,0.0,0.5,0.3,0.19596083423340085
304,1,2,3,1,0.28131699562072754,0.5,0.3,0.1807300812461829
304,1,2,4,2,0.26469707489013672,0.5,0.3,0.20250233909258147
304,1,2,5,1,0.39803600311279297,0.5,0.3,0.15174347786403214
304,1,2,6,1,0.38127398490905762,0.5,0.3,0.271796562461844
304,1,2,7,2,0.0,0.5,0.3,0.03685555752605885
304,1,2,8,1,0.31473898887634277,0.5,0.3,0.02664823223157615
304,1,2,9,1,0.31466507911682129,0.5,0.3,0.0650148578285313
304,1,2,10,1,0.31470417976379395,0.5,0.3,0.23546186080226678
304,1,2,11,2,0.0,0.5,0.3,0.166650571789217
304,1,2,12,1,0.26416707038879395,0.5,0.3,0.28748051495453686
304,1,2,13,1,0.34797191619873047,0.5,0.3,0.2568248079254736
304,1,2,14,1,0.31466484069824219,0.5,0.3,0.10437790290531229
304,1,2,15,1,0.33141398429870605,0.5,0.3,0.18190343955499969
304,1,2,16,1,0.39804196357727051,0.5,0.3,0.23772687994071015
304,1,2,17,1,0.33121109008789062,0.5,0.3,0.01850292527108519
304,1,2,18,1,0.34776186943054199,0.5,0.3,0.22927690580042973
304,1,2,19,1,0.29818415641784668,0.5,0.3,0.13438849416497725
304,1,3,0,1,0.39799213409423828,0.5,0.3,0.1799579535720473
304,1,3,1,1,0.38135099411010742,0.5,0.3,0.2782784395588998
304,1,3,2,2,0.0,0.5,0.3,0.2038242017405014
304,1,3,3,1,0.34805202484130859,0.5,0.3,0.12883913022524038
304,1,3,4,2,0.26487302780151367,0.5,0.3,0.10605791751577065
304,1,3,5,1,0.54805207252502441,0.5,0.3,0.28152105286775975
304,1,3,6,1,0.31471014022827148,0.5,0.3,0.05491623899508464
304,1,3,7,2,0.0,0.5,0.3,0.2622511358251282
304,1,3,8,1,0.23132205009460449,0.5,0.3,0.012019563022735403
304,1,3,9,1,0.53134012222290039,0.5,0.3,0.15613540832807385
304,1,3,10,1,0.58135104179382324,0.5,0.3,0.15618356983835996
304,1,3,11,2,0.0,0.5,0.3,0.22737203280176077
304,1,3,12,1,0.33137297630310059,0.5,0.3,0.2048386948478172
304,1,3,13,1,0.3146669864654541,0.5,0.3,0.2245147247482959
304,1,3,14,1,0.28139495849609375,0.5,0.3,0.12700507851757212
304,1,3,15,1,0.4146580696105957,0.5,0.3,0.1489636702351833
304,1,3,16,1,0.4310450553894043,0.5,0.3,0.1714565532429678
304,1,3,17,1,0.3813779354095459,0.5,0.3,0.09955284093206425
304,1,3,18,1,0.43118500709533691,0.5,0.3,0.21433990019927077
304,1,3,19,1,0.41447019577026367,0.5,0.3,0.034926536634907836
304,1,4,0,1,0.51472711563110352,0.5,0.3,0.1629026800309444
304,1,4,1,1,0.64761114120483398,0.5,0.3,0.098480663310337
304,1,4,2,2,0.7979590892791748,0.5,0.3,0.29083734754231866
304,1,4,3,1,0.79800009727478027,0.5,0.3,0.2577207192043741
304,1,4,4,2,0.26487302780151367,0.5,0.3,0.1276437761414486
304,1,4,5,1,0.46469998359680176,0.5,0.3,0.07833723631266258
304,1,4,6,1,0.28126192092895508,0.5,0.3,0.17195044128857298
304,1,4,7,2,0.13128900527954102,0.5,0.3,0.28750527126943975
304,1,4,8,1,0.46456289291381836,0.5,0.3,0.29324900320947084
304,1,4,9,1,0.2479400634765625,0.5,0.3,0.21731499194234832
304,1,4,10,1,0.28124308586120605,0.5,0.3,0.152777213362534
304,1,4,11,2,0.33136987686157227,0.5,0.3,0.22968121132152258
304,1,4,12,1,0.2813560962677002,0.5,0.3,0.10688011949781463
304,1,4,13,1,0.29792904853820801,0.5,0.3,0.29823322043020317
304,1,4,14,1,0.36464905738830566,0.5,0.3,0.23498136487651866
304,1,4,15,1,0.2646329402923584,0.5,0.3,0.05068194495453943
304,1,4,16,1,0.16467809677124023,0.5,0.3,0.23294858684853953
304,1,4,17,1,0.31436014175415039,0.5,0.3,0.18136734325466491
304,1,4,18,1,0.41465592384338379,0.5,0.3,0.2246485410933937
304,1,4,19,1,0.33125996589660645,0.5,0.3,0.2487681933787345
304,1,5,0,1,0.29803586006164551,0.5,0.3,0.11187220518079946
304,1,5,1,1,0.39792203903198242,0.5,0.3,0.17656121207585146
304,1,5,2,2,0.36466813087463379,0.5,0.3,0.2588883906789061
304,1,5,3,1,0.49795794486999512,0.5,0.3,0.1999149158754463
304,1,5,4,2,0.34787702560424805,0.5,0.3,0.2742602473309235
304,1,5,5,1,0.64798307418823242,0.5,0.3,0.0846184472284341
304,1,5,6,1,0.46470379829406738,0.5,0.3,0.12852878714879037
304,1,5,7,2,0.13128900527954102,0.5,0.3,0.0728091732616868
304,1,5,8,1,0.4312281608581543,0.5,0.3,0.05899101556632603
304,1,5,9,1,0.29813003540039062,0.5,0.3,0.014961929011834917
304,1,5,10,1,0.2313539981842041,0.5,0.3,0.04802164111180479
304,1,5,11,2,0.33136987686157227,0.5,0.3,0.1030475889539293
304,1,5,12,1,0.36448478698730469,0.5,0.3,0.011677305460435305
304,1,5,13,1,0.4312598705291748,0.5,0.3,0.10795272442944794
304,1,5,14,1,0.38132190704345703,0.5,0.3,0.07907594350141468
304,1,5,15,1,0.56477999687194824,0.5,0.3,0.1644594788340496
304,1,5,16,1,0.29798197746276855,0.5,0.3,0.02248621667219398
304,1,5,17,1,0.41455507278442383,0.5,0.3,0.13083742988751956
304,1,5,18,1,0.36468005180358887,0.5,0.3,0.299409315242028
304,1,5,19,1,0.53130817413330078,0.5,0.3,0.10524524044207108
304,1,6,0,1,0.29809999465942383,0.5,0.3,0.18977770951169412
304,1,6,1,1,0.23127412796020508,0.5,0.3,0.19994918300179212
304,1,6,2,2,0.36466813087463379,0.5,0.3,0.20400913235495646
304,1,6,3,1,0.2811429500579834,0.5,0.3,0.0520010744521742
304,1,6,4,2,0.31448793411254883,0.5,0.3,0.07678375912769948
304,1,6,5,1,0.44789981842041016,0.5,0.3,0.004498703034554663
304,1,6,6,1,0.59804105758666992,0.5,0.3,0.1833373069580896
304,1,6,7,2,0.13128900527954102,0.5,0.3,0.020074969792442696
304,1,6,8,1,0.43133187294006348,0.5,0.3,0.2743468520136367
304,1,6,9,1,0.31460881233215332,0.5,0.3,0.20129896086389318
304,1,6,10,1,0.44805502891540527,0.5,0.3,0.18626689563910606
304,1,6,11,2,0.33136987686157227,0.5,0.3,0.23573802679273403
304,1,6,12,1,0.014648914337158203,0.5,0.3,0.25910227513179035
304,1,6,13,1,0.44806385040283203,0.5,0.3,0.2410325338770598
304,1,6,14,1,0.43130397796630859,0.5,0.3,0.2859947068229559
304,1,6,15,1,0.31460118293762207,0.5,0.3,0.194830450321121
304,1,6,16,1,0.28123211860656738,0.5,0.3,0.08906651452904608
304,1,6,17,1,0.48127293586730957,0.5,0.3,0.19712414789317076
304,1,6,18,1,0.34799313545227051,0.5,0.3,0.2350539346733924
304,1,6,19,1,0.3480229377746582,0.5,0.3,0.18696406684038358
304,1,7,0,1,0.34817790985107422,0.5,0.3,0.05022808564066108
304,1,7,1,1,0.61465215682983398,0.5,0.3,0.2053945452440968
304,1,7,2,2,0.36466813087463379,0.5,0.3,0.1574701431206638
304,1,7,3,1,0.41458892822265625,0.5,0.3,0.12625792869706112
304,1,7,4,2,0.31465888023376465,0.5,0.3,0.09335476761810085
304,1,7,5,1,0.61451482772827148,0.5,0.3,0.19264310266307064
304,1,7,6,1,0.43136191368103027,0.5,0.3,0.12173580501345117
304,1,7,7,2,0.13128900527954102,0.5,0.3,0.10761279619259184
304,1,7,8,1,0.38124299049377441,0.5,0.3,0.002161603598790285
304,1,7,9,1,0.46468305587768555,0.5,0.3,0.07980046062412058
304,1,7,10,1,0.33127999305725098,0.5,0.3,0.011269562783942266
304,1,7,11,2,0.33136987686157227,0.5,0.3,0.09021849232132155
304,1,7,12,1,0.33129310607910156,0.5,0.3,0.047987669170967695
304,1,7,13,1,0.36464595794677734,0.5,0.3,0.283598410506306
304,1,7,14,1,0.36457109451293945,0.5,0.3,0.1817818324952089
304,1,7,15,1,0.34797811508178711,0.5,0.3,0.011951572315018
304,1,7,16,1,0.48134183883666992,0.5,0.3,0.07783672784341816
304,1,7,17,1,0.58136510848999023,0.5,0.3,0.24181319777729157
304,1,7,18,1,0.84790587425231934,0.5,0.3,0.03701944039540276
304,1,7,19,1,0.3480229377746582,0.5,0.3,0.0001506899045011445
304,1,8,0,1,0.23134589195251465,0.5,0.3,0.12630247546425763
304,1,8,1,1,0.54799818992614746,0.5,0.3,0.17487670364434052
304,1,8,2,2,0.36466813087463379,0.5,0.3,0.19502082589059638
304,1,8,3,1,0.38116312026977539,0.5,0.3,0.1205420052083195
304,1,8,4,2,0.31465888023376465,0.5,0.3,0.1367665664491545
304,1,8,5,1,0.16466021537780762,0.5,0.3,0.12912621866393578
304,1,8,6,1,0.51456999778747559,0.5,0.3,0.2988613327868827
304,1,8,7,2,0.34796404838562012,0.5,0.3,0.259938124165716
304,1,8,8,1,0.31447696685791016,0.5,0.3,0.18649641093001795
304,1,8,9,1,0.53133797645568848,0.5,0.3,0.02107830383753716
304,1,8,10,1,0.68119287490844727,0.5,0.3,0.13861807811323132
304,1,8,11,2,0.33136987686157227,0.5,0.3,0.074062378714544
304,1,8,12,1,0.2811591625213623,0.5,0.3,0.13252146783103091
304,1,8,13,1,0.76458096504211426,0.5,0.3,0.2680591176054031
304,1,8,14,1,0.36457109451293945,0.5,0.3,0.1671582187411703
304,1,8,15,1,0.16464400291442871,0.5,0.3,0.21367565875240915
304,1,8,16,1,0.42930889129638672,0.5,0.3,0.11925567008316135
304,1,8,17,1,0.61466312408447266,0.5,0.3,0.008003447020459686
304,1,8,18,1,0.84790587425231934,0.5,0.3,0.004562025569222583
304,1,8,19,1,0.31442022323608398,0.5,0.3,0.1323375072887879
304,1,9,0,1,0.66463994979858398,0.5,0.3,0.1837324551253999
304,1,9,1,1,0.63120198249816895,0.5,0.3,0.20438095083872498
304,1,9,2,2,0.36466813087463379,0.5,0.3,0.2277414602154659
304,1,9,3,1,0.33136105537414551,0.5,0.3,0.15290833798989883
304,1,9,4,2,0.31465888023376465,0.5,0.3,0.05781081496081272
304,1,9,5,1,0.38126301765441895,0.5,0.3,0.2595516226898866
304,1,9,6,1,0.9477388858795166,0.5,0.3,0.23693110202644221
304,1,9,7,2,0.34796404838562012,0.5,0.3,0.24294086955721947
304,1,9,8,1,0.46471786499023438,0.5,0.3,0.11390876878572115
304,1,9,9,1,0.53023600578308105,0.5,0.3,0.2058117035340602
304,1,9,10,1,0.66463208198547363,0.5,0.3,0.11592923796583704
304,1,9,11,2,0.33136987686157227,0.5,0.3,0.02717646262099972
304,1,9,12,1,0.39803194999694824,0.5,0.3,0.29977201531575703
304,1,9,13,1,0.56467199325561523,0.5,0.3,0.1230621243363456
304,1,9,14,1,0.36457109451293945,0.5,0.3,0.28382769259271734
304,1,9,15,1,0.1478731632232666,0.5,0.3,0.11406620519386224
304,1,9,16,1,0.61463618278503418,0.5,0.3,0.2756573254583646
304,1,9,17,1,1.0146000385284424,0.5,0.3,0.2973725659311272
304,1,9,18,1,0.84790587425231934,0.5,0.3,0.27889340004694396
304,1,9,19,1,0.31442022323608398,0.5,0.3,0.09059630790433078
304,1,10,0,1,0.5981600284576416,0.5,0.3,0.10073008064113177
304,1,10,1,1,0.68137383460998535,0.5,0.3,0.02420414467909413
304,1,10,2,2,0.36466813087463379,0.5,0.3,0.10085295017763776
304,1,10,3,1,0.38126492500305176,0.5,0.3,0.05732361402623266
304,1,10,4,2,0.31465888023376465,0.5,0.3,0.06567184304405263
304,1,10,5,1,0.4301609992980957,0.5,0.3,0.011647209298351379
304,1,10,6,1,0.66368007659912109,0.5,0.3,0.22136986479209073
304,1,10,7,2,0.34796404838562012,0.5,0.3,0.20553671614507021
304,1,10,8,1,0.26457810401916504,0.5,0.3,0.21628566580118117
304,1,10,9,1,0.48132801055908203,0.5,0.3,0.22408400946681925
304,1,10,10,1,0.88128399848937988,0.5,0.3,0.14840563607858687
304,1,10,11,2,0.33136987686157227,0.5,0.3,0.12388228254843714
304,1,10,12,1,0.36458492279052734,0.5,0.3,0.05547092526054207
304,1,10,13,1,0.38130998611450195,0.5,0.3,0.15693908124119813
304,1,10,14,1,0.58128094673156738,0.5,0.3,0.17382237046242888
304,1,10,15,1,0.1478731632232666,0.5,0.3,0.21362421946058419
304,1,10,16,1,0.26468014717102051,0.5,0.3,0.26659393100416573
304,1,10,17,1,0.24806714057922363,0.5,0.3,0.05707530469114738
304,1,10,18,1,0.38134002685546875,0.5,0.3,0.013484088313017006
304,1,10,19,1,0.84792304039001465,0.5,0.3,0.15686724307298988
304,1,11,0,1,0.5981600284576416,0.5,0.3,0.09493057790735487
304,1,11,1,1,0.29800200462341309,0.5,0.3,0.27012902732280253
304,1,11,2,2,0.28134989738464355,0.5,0.3,0.015603077062697989
304,1,11,3,1,0.38126492500305176,0.5,0.3,0.020620142272790243
304,1,11,4,2,0.21456289291381836,0.5,0.3,0.220675671819588
304,1,11,5,1,0.51470208168029785,0.5,0.3,0.010362190421192784
304,1,11,6,1,0.91464996337890625,0.5,0.3,0.19194215287736346
304,1,11,7,2,0.91466903686523438,0.5,0.3,0.1763803318859951
304,1,11,8,1,0.26457810401916504,0.5,0.3,0.2553959101437277
304,1,11,9,1,0.2979741096496582,0.5,0.3,0.14510166196600346
304,1,11,10,1,0.3481900691986084,0.5,0.3,0.20197336700057847
304,1,11,11,2,0.24787497520446777,0.5,0.3,0.06675827371493434
304,1,11,12,1,0.36458492279052734,0.5,0.3,0.061888614338304025
304,1,11,13,1,0.064841985702514648,0.5,0.3,0.1831745049263181
304,1,11,14,1,0.58128094673156738,0.5,0.3,0.048858552227367104
304,1,11,15,1,0.16463899612426758,0.5,0.3,0.1689909648715516
304,1,11,16,1,0.26468014717102051,0.5,0.3,0.10698165465699686
304,1,11,17,1,0.24806714057922363,0.5,0.3,0.027689160194401683
304,1,11,18,1,0.36465096473693848,0.5,0.3,0.21251918225840083
304,1,11,19,1,0.84792304039001465,0.5,0.3,0.0047877600240362585
304,1,12,0,1,0.1479790210723877,0.5,0.3,0.16346436602816986
304,1,12,1,1,0.44803094863891602,0.5,0.3,0.1468632424912539
304,1,12,2,2,0.28134989738464355,0.5,0.3,0.2071685170644513
304,1,12,3,1,0.41472601890563965,0.5,0.3,0.05957262988701216
304,1,12,4,2,0.21456289291381836,0.5,0.3,0.17064971031808698
304,1,12,5,1,0.3146669864654541,0.5,0.3,0.06551813756272953
304,1,12,6,1,0.7479851245880127,0.5,0.3,0.14222118444629722
304,1,12,7,2,0.91466903686523438,0.5,0.3,0.2394880003771307
304,1,12,8,1,0.31471800804138184,0.5,0.3,0.24152172602957436
304,1,12,9,1,0.44800496101379395,0.5,0.3,0.013298573699314142
304,1,12,10,1,0.79791998863220215,0.5,0.3,0.27054836489614803
304,1,12,11,2,0.24787497520446777,0.5,0.3,0.15377153621151057
304,1,12,12,1,0.34800386428833008,0.5,0.3,0.1409923389427132
304,1,12,13,1,0.44793105125427246,0.5,0.3,0.1297951063550934
304,1,12,14,1,0.94784712791442871,0.5,0.3,0.17588527965441786
304,1,12,15,1,0.16463899612426758,0.5,0.3,0.26482869208659776
304,1,12,16,1,0.39796805381774902,0.5,0.3,0.12835064555798814
304,1,12,17,1,0.54793906211853027,0.5,0.3,0.14338974513075356
304,1,12,18,1,0.36465096473693848,0.5,0.3,0.12911480819759538
304,1,12,19,1,0.031286954879760742,0.5,0.3,0.028390338621692723
304,1,13,0,1,0.1479790210723877,0.5,0.3,0.03757071130910624
304,1,13,1,1,0.19801115989685059,0.5,0.3,0.025507899158225742
304,1,13,2,2,0.14802980422973633,0.5,0.3,0.19432726408748588
304,1,13,3,1,0.73135280609130859,0.5,0.3,0.19095911403830404
304,1,13,4,2,0.21456289291381836,0.5,0.3,0.082919893561801
304,1,13,5,1,0.29797887802124023,0.5,0.3,0.07313759387535744
304,1,13,6,1,0.6646120548248291,0.5,0.3,0.06813132512186569
304,1,13,7,2,0.91466903686523438,0.5,0.3,0.2926939242154074
304,1,13,8,1,0.26466202735900879,0.5,0.3,0.05906240358106154
304,1,13,9,1,0.44800806045532227,0.5,0.3,0.05639994518963976
304,1,13,10,1,0.79791998863220215,0.5,0.3,0.0023858369611129194
304,1,13,11,2,0.081406116485595703,0.5,0.3,0.15542324607381028
304,1,13,12,1,0.34800386428833008,0.5,0.3,0.1547355051450637
304,1,13,13,1,0.014702796936035156,0.5,0.3,0.1408418012713893
304,1,13,14,1,0.36483407020568848,0.5,0.3,0.19603259271052345
304,1,13,15,1,0.48131489753723145,0.5,0.3,0.08776158153566761
304,1,13,16,1,0.86463403701782227,0.5,0.3,0.1732938524871666
304,1,13,17,1,0.54793906211853027,0.5,0.3,0.001187561467706677
304,1,13,18,1,0.8646090030670166,0.5,0.3,0.18235310266274127
304,1,13,19,1,0.81461596488952637,0.5,0.3,0.014512232466140184
304,1,14,0,1,0.1479790210723877,0.5,0.3,0.060593444828189055
304,1,14,1,1,0.29803013801574707,0.5,0.3,0.1029863530789742
304,1,14,2,2,0.14802980422973633,0.5,0.3,0.21397060539616616
304,1,14,3,1,0.33128499984741211,0.5,0.3,0.038857193043058735
304,1,14,4,2,0.21456289291381836,0.5,0.3,0.2452502890096661
304,1,14,5,1,0.29790902137756348,0.5,0.3,0.17031086744804852
304,1,14,6,1,0.38130092620849609,0.5,0.3,0.11509990215369345
304,1,14,7,2,0.91466903686523438,0.5,0.3,0.2560603348173168
304,1,14,8,1,0.19798898696899414,0.5,0.3,0.04886001311585105
304,1,14,9,1,0.44800806045532227,0.5,0.3,0.2232004497626285
304,1,14,10,1,0.014635801315307617,0.5,0.3,0.26574779485115035
304,1,14,11,2,0.91460490226745605,0.5,0.3,0.25474733761964
304,1,14,12,1,0.74793481826782227,0.5,0.3,0.18736765523681978
304,1,14,13,1,0.014702796936035156,0.5,0.3,0.09190238476000158
304,1,14,14,1,0.14819622039794922,0.5,0.3,0.1590856264192342
304,1,14,15,1,0.46458697319030762,0.5,0.3,0.29690191443499
304,1,14,16,1,0.34803986549377441,0.5,0.3,0.26756444405982266
304,1,14,17,1,0.38130998611450195,0.5,0.3,0.112287188113334
304,1,14,18,1,0.8646090030670166,0.5,0.3,0.21676383873363586
304,1,14,19,1,0.24793601036071777,0.5,0.3,0.17186734415497062
20170127,321,1,0,0,1,0.45632600784301758,0.5,0.3,0.027145165916364056
20170127,321,1,0,1,1,0.3146510124206543,0.5,0.3,0.17496232364233988
20170127,321,1,0,2,1,0.29798984527587891,0.5,0.3,0.1127912804796953
20170127,321,1,0,3,1,0.28129696846008301,0.5,0.3,0.12400353095178589
20170127,321,1,0,4,2,0.0,0.5,0.3,0.04303867454943788
20170127,321,1,0,5,2,0.0,0.5,0.3,0.1874284566623557
20170127,321,1,0,6,1,0.34802699089050293,0.5,0.3,0.2156871131330795
20170127,321,1,0,7,1,0.26487588882446289,0.5,0.3,0.08530107297104438
20170127,321,1,0,8,1,0.29808998107910156,0.5,0.3,0.17956539732615945
20170127,321,1,0,9,1,0.31467390060424805,0.5,0.3,0.2756611202445826
20170127,321,1,0,10,1,0.36456203460693359,0.5,0.3,0.15005508520084584
20170127,321,1,0,11,1,0.29784178733825684,0.5,0.3,0.1512878996504125
20170127,321,1,0,12,2,0.0,0.5,0.3,0.06668705404393012
20170127,321,1,0,13,2,0.0,0.5,0.3,0.014507911873826594
20170127,321,1,0,14,1,0.39793992042541504,0.5,0.3,0.1412104349941167
20170127,321,1,0,15,1,0.28145098686218262,0.5,0.3,0.18984770170397247
20170127,321,1,0,16,1,0.2646181583404541,0.5,0.3,0.050521752673090656
20170127,321,1,0,17,1,0.31462216377258301,0.5,0.3,0.24610847352326232
20170127,321,1,0,18,2,0.26462483406066895,0.5,0.3,0.12067218029106412
20170127,321,1,0,19,2,0.0,0.5,0.3,0.011304956093010243
20170127,321,1,1,0,1,0.39783406257629395,0.5,0.3,0.21124731728114413
20170127,321,1,1,1,1,0.31453299522399902,0.5,0.3,0.20562075214998482
20170127,321,1,1,2,1,0.29807496070861816,0.5,0.3,0.016290565464850946
20170127,321,1,1,3,1,0.31463098526000977,0.5,0.3,0.1663622563509448
20170127,321,1,1,4,2,0.36453580856323242,0.5,0.3,0.22069502735991153
20170127,321,1,1,5,2,0.0,0.5,0.3,0.09934972888473048
20170127,321,1,1,6,1,0.46447014808654785,0.5,0.3,0.1319814979543309
20170127,321,1,1,7,1,0.33131980895996094,0.5,0.3,0.26153165266419814
20170127,321,1,1,8,1,0.28129220008850098,0.5,0.3,0.06238142145126741
20170127,321,1,1,9,1,0.33124184608459473,0.5,0.3,0.0583954052170553
20170127,321,1,1,10,1,0.34790301322937012,0.5,0.3,0.21645051844815025
20170127,321,1,1,11,1,0.51455903053283691,0.5,0.3,0.12346035599192107
20170127,321,1,1,12,2,0.28125905990600586,0.5,0.3,0.18121735881016635
20170127,321,1,1,13,2,0.0,0.5,0.3,0.2862818379819724
20170127,321,1,1,14,1,0.38112187385559082,0.5,0.3,0.10316290696014166
20170127,321,1,1,15,1,0.34786581993103027,0.5,0.3,0.146839459021567
20170127,321,1,1,16,1,0.61452794075012207,0.5,0.3,0.04573041380814471
20170127,321,1,1,17,1,0.38113594055175781,0.5,0.3,0.190614839677322
20170127,321,1,1,18,2,0.26462483406066895,0.5,0.3,0.11543313272783225
20170127,321,1,1,19,2,0.0,0.5,0.3,0.2892086762807368
20170127,321,1,2,0,1,0.34794712066650391,0.5,0.3,0.1853933892316748
20170127,321,1,2,1,1,0.31459999084472656,0.5,0.3,0.006120181180509987
20170127,321,1,2,2,1,0.34812211990356445,0.5,0.3,0.17050647438462999
20170127,321,1,2,3,1,0.31473302841186523,0.5,0.3,0.11043564203514611
20170127,321,1,2,4,2,0.28125596046447754,0.5,0.3,0.0933603686283349
20170127,321,1,2,5,2,0.0,0.5,0.3,0.23996279740644982
20170127,321,1,2,6,1,0.4146111011505127,0.5,0.3,0.26188382314490044
20170127,321,1,2,7,1,0.2981410026550293,0.5,0.3,0.1004505160687116
20170127,321,1,2,8,1,0.28129220008850098,0.5,0.3,0.20198606031428706
20170127,321,1,2,9,1,0.36458897590637207,0.5,0.3,0.020337651045812
20170127,321,1,2,10,1,0.49795913696289062,0.5,0.3,0.06105893499490895
20170127,321,1,2,11,1,0.38124990463256836,0.5,0.3,0.1909134040566405
20170127,321,1,2,12,2,0.28125905990600586,0.5,0.3,0.19285363179772885
20170127,321,1,2,13,2,0.0,0.5,0.3,0.013156350729202836
20170127,321,1,2,14,1,0.46450400352478027,0.5,0.3,0.08742487777028395
20170127,321,1,2,15,1,0.33127403259277344,0.5,0.3,0.07436624412163478
20170127,321,1,2,16,1,0.2979738712310791,0.5,0.3,0.21963983675975937
20170127,321,1,2,17,1,0.28118586540222168,0.5,0.3,0.04981191336167857
20170127,321,1,2,18,2,0.31452178955078125,0.5,0.3,0.0734271283991988
20170127,321,1,2,19,2,0.0,0.5,0.3,0.10239846409401415
20170127,321,1,3,0,1,0.38113999366760254,0.5,0.3,0.20708483786905127
20170127,321,1,3,1,1,0.31456708908081055,0.5,0.3,0.15119802919557604
20170127,321,1,3,2,1,0.31461811065673828,0.5,0.3,0.019172001420683003
20170127,321,1,3,3,1,0.33112978935241699,0.5,0.3,0.12294181265211625
20170127,321,1,3,4,2,0.28125596046447754,0.5,0.3,0.08456425346185155
20170127,321,1,3,5,2,0.0,0.5,0.3,0.06468317180032439
20170127,321,1,3,6,1,0.48122310638427734,0.5,0.3,0.21154633431259878
20170127,321,1,3,7,1,0.28116202354431152,0.5,0.3,0.11931917222107796
20170127,321,1,3,8,1,0.29783987998962402,0.5,0.3,0.2975269551337136
20170127,321,1,3,9,1,0.44777894020080566,0.5,0.3,0.29757959447392435
20170127,321,1,3,10,1,0.34792613983154297,0.5,0.3,0.16681098107404607
20170127,321,1,3,11,1,0.36461019515991211,0.5,0.3,0.1329092152298225
20170127,321,1,3,12,2,0.28125905990600586,0.5,0.3,0.005774160948972973
20170127,321,1,3,13,2,0.0,0.5,0.3,0.15571115727803433
20170127,321,1,3,14,1,0.41456007957458496,0.5,0.3,0.2159561816771494
20170127,321,1,3,15,1,0.26457595825195312,0.5,0.3,0.27681489511493595
20170127,321,1,3,16,1,0.29817605018615723,0.5,0.3,0.16020960084563265
20170127,321,1,3,17,1,0.31461000442504883,0.5,0.3,0.10258215277846648
20170127,321,1,3,18,2,0.31452178955078125,0.5,0.3,0.259802027185898
20170127,321,1,3,19,2,0.0,0.5,0.3,0.25322182225802964
20170127,321,1,4,0,1,0.33137392997741699,0.5,0.3,0.039540703530129596
20170127,321,1,4,1,1,0.2978980541229248,0.5,0.3,0.01735456056014195
20170127,321,1,4,2,1,0.33131098747253418,0.5,0.3,0.17561689812531436
20170127,321,1,4,3,1,0.31461596488952637,0.5,0.3,0.20130305575505666
20170127,321,1,4,4,2,0.28125596046447754,0.5,0.3,0.19852391011310194
20170127,321,1,4,5,2,0.0,0.5,0.3,0.12298104610301865
20170127,321,1,4,6,1,0.36461186408996582,0.5,0.3,0.11281355372759516
20170127,321,1,4,7,1,0.24793910980224609,0.5,0.3,0.18729310493668352
20170127,321,1,4,8,1,0.28116178512573242,0.5,0.3,0.03420518367634096
20170127,321,1,4,9,1,0.33124613761901855,0.5,0.3,0.24486101389300924
20170127,321,1,4,10,1,0.33127713203430176,0.5,0.3,0.2070235567746265
20170127,321,1,4,11,1,0.31453394889831543,0.5,0.3,0.07122630867864203
20170127,321,1,4,12,2,0.41481685638427734,0.5,0.3,0.2778203731706463
20170127,321,1,4,13,2,0.0,0.5,0.3,0.08202577478881347
20170127,321,1,4,14,1,0.41456508636474609,0.5,0.3,0.011344586847123505
20170127,321,1,4,15,1,0.33125400543212891,0.5,0.3,0.2318240818680839
20170127,321,1,4,16,1,0.29788708686828613,0.5,0.3,0.2340047035504376
20170127,321,1,4,17,1,0.31464505195617676,0.5,0.3,0.12334223485910557
20170127,321,1,4,18,2,0.2979278564453125,0.5,0.3,0.17096781155440238
20170127,321,1,4,19,2,0.0,0.5,0.3,0.19737177510858833
20170127,321,1,5,0,1,0.39788198471069336,0.5,0.3,0.15661226957237215
20170127,321,1,5,1,1,0.28129005432128906,0.5,0.3,0.07034665971070365
20170127,321,1,5,2,1,0.31475496292114258,0.5,0.3,0.06332806636625912
20170127,321,1,5,3,1,0.46452212333679199,0.5,0.3,0.19138119503445641
20170127,321,1,5,4,2,0.28125596046447754,0.5,0.3,0.2902058680834468
20170127,321,1,5,5,2,0.0,0.5,0.3,0.0018692223955133922
20170127,321,1,5,6,1,0.38119196891784668,0.5,0.3,0.2778236389407455
20170127,321,1,5,7,1,0.39793801307678223,0.5,0.3,0.19722417507441473
20170127,321,1,5,8,1,0.28118300437927246,0.5,0.3,0.11516798717492895
20170127,321,1,5,9,1,0.31464385986328125,0.5,0.3,0.19159607681399846
20170127,321,1,5,10,1,0.29799199104309082,0.5,0.3,0.02962120336004511
20170127,321,1,5,11,1,0.36459922790527344,0.5,0.3,0.12523087554193466
20170127,321,1,5,12,2,0.41481685638427734,0.5,0.3,0.09468392936773196
20170127,321,1,5,13,2,0.0,0.5,0.3,0.2960888064982955
20170127,321,1,5,14,1,0.31468987464904785,0.5,0.3,0.19064066602970917
20170127,321,1,5,15,1,0.29790496826171875,0.5,0.3,0.19902036649444615
20170127,321,1,5,16,1,0.33113408088684082,0.5,0.3,0.24503901235122122
20170127,321,1,5,17,1,0.28133511543273926,0.5,0.3,0.17325963446165163
20170127,321,1,5,18,2,0.3145911693572998,0.5,0.3,0.2857658087683642
20170127,321,1,5,19,2,0.0,0.5,0.3,0.287764500408581
20170127,321,1,6,0,1,0.44817900657653809,0.5,0.3,0.23213815563310566
20170127,321,1,6,1,1,0.29796695709228516,0.5,0.3,0.054686979485281895
20170127,321,1,6,2,1,0.33109903335571289,0.5,0.3,0.04002395262822904
20170127,321,1,6,3,1,0.3146820068359375,0.5,0.3,0.015409364845514195
20170127,321,1,6,4,2,0.28125596046447754,0.5,0.3,0.24665739779167234
20170127,321,1,6,5,2,0.0,0.5,0.3,0.10096484244930534
20170127,321,1,6,6,1,0.39784002304077148,0.5,0.3,0.0456635659652695
20170127,321,1,6,7,1,0.28136801719665527,0.5,0.3,0.13788513272422406
20170127,321,1,6,8,1,0.29795098304748535,0.5,0.3,0.05262572701934822
20170127,321,1,6,9,1,0.29796695709228516,0.5,0.3,0.0812759982051133
20170127,321,1,6,10,1,0.39789199829101562,0.5,0.3,0.1744423448192244
20170127,321,1,6,11,1,0.39797401428222656,0.5,0.3,0.11291673596193441
20170127,321,1,6,12,2,0.41481685638427734,0.5,0.3,0.052404741766485116
20170127,321,1,6,13,2,0.0,0.5,0.3,0.001864271784890581
20170127,321,1,6,14,1,0.41462588310241699,0.5,0.3,0.010265761120514083
20170127,321,1,6,15,1,0.31454992294311523,0.5,0.3,0.12047491035140301
20170127,321,1,6,16,1,0.31468009948730469,0.5,0.3,0.15277899471130546
20170127,321,1,6,17,1,0.28123712539672852,0.5,0.3,0.25828318004129047
20170127,321,1,6,18,2,0.31462001800537109,0.5,0.3,0.03373121787763975
20170127,321,1,6,19,2,0.0,0.5,0.3,0.05183241106408374
20170127,321,1,7,0,1,0.66449117660522461,0.5,0.3,0.17597897867449996
20170127,321,1,7,1,1,0.29790806770324707,0.5,0.3,0.22756591271721252
20170127,321,1,7,2,1,0.43118906021118164,0.5,0.3,0.002179833405798592
20170127,321,1,7,3,1,0.33123683929443359,0.5,0.3,0.28823199305823655
20170127,321,1,7,4,2,0.28125596046447754,0.5,0.3,0.1827403177540874
20170127,321,1,7,5,2,0.0,0.5,0.3,0.035376800135323634
20170127,321,1,7,6,1,0.39790487289428711,0.5,0.3,0.2689286866655257
20170127,321,1,7,7,1,0.2813880443572998,0.5,0.3,0.15682948073257608
20170127,321,1,7,8,1,0.33133196830749512,0.5,0.3,0.22764410491471687
20170127,321,1,7,9,1,0.31464910507202148,0.5,0.3,0.22903397636014056
20170127,321,1,7,10,1,0.29790902137756348,0.5,0.3,0.14163655890230323
20170127,321,1,7,11,1,0.39792704582214355,0.5,0.3,0.2757773834569707
20170127,321,1,7,12,2,0.33108997344970703,0.5,0.3,0.13786214601294378
20170127,321,1,7,13,2,0.0,0.5,0.3,0.1305639007902105
20170127,321,1,7,14,1,0.56448793411254883,0.5,0.3,0.19539307762296118
20170127,321,1,7,15,1,0.3146970272064209,0.5,0.3,0.2737746184394267
20170127,321,1,7,16,1,0.33122801780700684,0.5,0.3,0.09634298479488793
20170127,321,1,7,17,1,0.31468415260314941,0.5,0.3,0.11261513475506663
20170127,321,1,7,18,2,0.33135581016540527,0.5,0.3,0.03771713858567799
20170127,321,1,7,19,2,0.0,0.5,0.3,0.18700042432991726
20170127,321,1,8,0,1,0.48129105567932129,0.5,0.3,0.0042841240311511705
20170127,321,1,8,1,1,0.33100104331970215,0.5,0.3,0.19186129437689167
20170127,321,1,8,2,1,0.39784717559814453,0.5,0.3,0.2238061072592585
20170127,321,1,8,3,1,0.38140201568603516,0.5,0.3,0.05287194117686189
20170127,321,1,8,4,2,0.33127403259277344,0.5,0.3,0.13657029885796493
20170127,321,1,8,5,2,0.0,0.5,0.3,0.2199434575077663
20170127,321,1,8,6,1,0.59782886505126953,0.5,0.3,0.1202307892910439
20170127,321,1,8,7,1,0.33144712448120117,0.5,0.3,0.18719026331196942
20170127,321,1,8,8,1,0.38117408752441406,0.5,0.3,0.04567316116523794
20170127,321,1,8,9,1,0.53141593933105469,0.5,0.3,0.1954010729546279
20170127,321,1,8,10,1,0.38135600090026855,0.5,0.3,0.021162929270735906
20170127,321,1,8,11,1,0.48135900497436523,0.5,0.3,0.19232899113623297
20170127,321,1,8,12,2,0.33108997344970703,0.5,0.3,0.24919953431871653
20170127,321,1,8,13,2,0.38145613670349121,0.5,0.3,0.09470425688672447
20170127,321,1,8,14,1,0.63105511665344238,0.5,0.3,0.20915384447173213
20170127,321,1,8,15,1,0.38121795654296875,0.5,0.3,0.14933713928299844
20170127,321,1,8,16,1,0.53121495246887207,0.5,0.3,0.1345258775601264
20170127,321,1,8,17,1,0.36465907096862793,0.5,0.3,0.1887787537844963
20170127,321,1,8,18,2,0.34780406951904297,0.5,0.3,0.2294630379962157
20170127,321,1,8,19,2,0.0,0.5,0.3,0.04307370326597263
20170127,321,1,9,0,1,0.49795985221862793,0.5,0.3,0.29300803264862785
20170127,321,1,9,1,1,0.36462807655334473,0.5,0.3,0.271461854721346
20170127,321,1,9,2,1,0.4313349723815918,0.5,0.3,0.21640295252164962
20170127,321,1,9,3,1,0.31473493576049805,0.5,0.3,0.11802271613337137
20170127,321,1,9,4,2,0.6479179859161377,0.5,0.3,0.23378258585780143
20170127,321,1,9,5,2,0.0,0.5,0.3,0.18053353740797976
20170127,321,1,9,6,1,0.43143796920776367,0.5,0.3,0.23466061334488308
20170127,321,1,9,7,1,0.53124594688415527,0.5,0.3,0.27038250251211465
20170127,321,1,9,8,1,0.33120989799499512,0.5,0.3,0.29159633618715725
20170127,321,1,9,9,1,0.36452293395996094,0.5,0.3,0.20892313174470653
20170127,321,1,9,10,1,0.33120107650756836,0.5,0.3,0.22274168031193017
20170127,321,1,9,11,1,0.49792313575744629,0.5,0.3,0.16484661157351385
20170127,321,1,9,12,2,0.33108997344970703,0.5,0.3,0.26587471410078967
20170127,321,1,9,13,2,0.38145613670349121,0.5,0.3,0.03691906221094575
20170127,321,1,9,14,1,0.4651339054107666,0.5,0.3,0.17399899874208838
20170127,321,1,9,15,1,0.34840917587280273,0.5,0.3,0.2462382966064221
20170127,321,1,9,16,1,0.38191318511962891,0.5,0.3,0.11096394364718738
20170127,321,1,9,17,1,0.58209896087646484,0.5,0.3,0.10568511593163048
20170127,321,1,9,18,2,0.3316500186920166,0.5,0.3,0.1836684302912496
20170127,321,1,9,19,2,0.0,0.5,0.3,0.07360514172480931
20170127,321,1,10,0,1,0.58188891410827637,0.5,0.3,0.2973903811666575
20170127,321,1,10,1,1,0.53199601173400879,0.5,0.3,0.13390957136195694
20170127,321,1,10,2,1,0.56521201133728027,0.5,0.3,0.1754645033348717
20170127,321,1,10,3,1,0.31505513191223145,0.5,0.3,0.29011933840833615
20170127,321,1,10,4,2,0.6479179859161377,0.5,0.3,0.2656737952755863
20170127,321,1,10,5,2,0.0,0.5,0.3,0.011198660462724863
20170127,321,1,10,6,1,0.481719970703125,0.5,0.3,0.2755027217535145
20170127,321,1,10,7,1,0.36501002311706543,0.5,0.3,0.15433698128123405
20170127,321,1,10,8,1,0.33167910575866699,0.5,0.3,0.07231746332158893
20170127,321,1,10,9,1,0.3483879566192627,0.5,0.3,0.28946398632216924
20170127,321,1,10,10,1,0.38165688514709473,0.5,0.3,0.01190210458587273
20170127,321,1,10,11,1,0.34815502166748047,0.5,0.3,0.04321123009534842
20170127,321,1,10,12,2,0.33108997344970703,0.5,0.3,0.29433939871855674
20170127,321,1,10,13,2,0.38145613670349121,0.5,0.3,0.263465519596565
20170127,321,1,10,14,1,0.33179807662963867,0.5,0.3,0.11276426850658529
20170127,321,1,10,15,1,0.33156991004943848,0.5,0.3,0.11985534144142308
20170127,321,1,10,16,1,0.33145499229431152,0.5,0.3,0.08131933895127974
20170127,321,1,10,17,1,0.33155918121337891,0.5,0.3,0.11919567074756934
20170127,321,1,10,18,2,0.33144688606262207,0.5,0.3,0.2542710566408539
20170127,321,1,10,19,2,0.0,0.5,0.3,0.0019466044342069443
20170127,321,1,11,0,1,0.46492290496826172,0.5,0.3,0.11742037872795671
20170127,321,1,11,1,1,0.34821987152099609,0.5,0.3,0.2667782235896941
20170127,321,1,11,2,1,0.39827513694763184,0.5,0.3,0.19685532132435352
20170127,321,1,11,3,1,0.33174586296081543,0.5,0.3,0.07801869202389723
20170127,321,1,11,4,2,0.29822397232055664,0.5,0.3,0.2951856233369834
20170127,321,1,11,5,2,0.0,0.5,0.3,0.09103669272357268
20170127,321,1,11,6,1,0.48158812522888184,0.5,0.3,0.052474233959417846
20170127,321,1,11,7,1,0.33152890205383301,0.5,0.3,0.1499943253823305
20170127,321,1,11,8,1,0.4815819263458252,0.5,0.3,0.1554213312824789
20170127,321,1,11,9,1,0.31482911109924316,0.5,0.3,0.21152657731404303
20170127,321,1,11,10,1,0.31482315063476562,0.5,0.3,0.17456611874958441
20170127,321,1,11,11,1,0.29805707931518555,0.5,0.3,0.24032556917380696
20170127,321,1,11,12,2,0.33108997344970703,0.5,0.3,0.0228020925442462
20170127,321,1,11,13,2,0.38145613670349121,0.5,0.3,0.26000885648294053
20170127,321,1,11,14,1,0.38155508041381836,0.5,0.3,0.17991629884649285
20170127,321,1,11,15,1,0.29818105697631836,0.5,0.3,0.1700405082561935
20170127,321,1,11,16,1,0.28142404556274414,0.5,0.3,0.20132004628518618
20170127,321,1,11,17,1,0.29806804656982422,0.5,0.3,0.0044650779027300075
20170127,321,1,11,18,2,0.3482511043548584,0.5,0.3,0.013965138861419623
20170127,321,1,11,19,2,0.0,0.5,0.3,0.08419333456868469
20170127,321,1,12,0,1,0.44814395904541016,0.5,0.3,0.2714668234209342
20170127,321,1,12,1,1,0.31481099128723145,0.5,0.3,0.2072633592068596
20170127,321,1,12,2,1,0.29831504821777344,0.5,0.3,0.07470164831124793
20170127,321,1,12,3,1,0.34813594818115234,0.5,0.3,0.29316275634443323
20170127,321,1,12,4,2,0.33155179023742676,0.5,0.3,0.038744402554269176
20170127,321,1,12,5,2,0.0,0.5,0.3,0.1114239253092832
20170127,321,1,12,6,1,0.54830002784729004,0.5,0.3,0.16375726384187936
20170127,321,1,12,7,1,0.2816460132598877,0.5,0.3,0.2714114324893283
20170127,321,1,12,8,1,0.31510496139526367,0.5,0.3,0.05726248953393309
20170127,321,1,12,9,1,0.54821610450744629,0.5,0.3,0.13729351548233945
20170127,321,1,12,10,1,0.41494584083557129,0.5,0.3,0.11139756522021736
20170127,321,1,12,11,1,0.63177299499511719,0.5,0.3,0.10621730375195679
20170127,321,1,12,12,2,0.33108997344970703,0.5,0.3,0.2024159687122518
20170127,321,1,12,13,2,0.38145613670349121,0.5,0.3,0.03973885029387658
20170127,321,1,12,14,1,0.43169689178466797,0.5,0.3,0.12127952422142549
20170127,321,1,12,15,1,0.31490302085876465,0.5,0.3,0.2666351093821648
20170127,321,1,12,16,1,0.38148999214172363,0.5,0.3,0.010044828778130609
20170127,321,1,12,17,1,0.31478190422058105,0.5,0.3,0.009054235904942809
20170127,321,1,12,18,2,0.3482511043548584,0.5,0.3,0.2568169273337935
20170127,321,1,12,19,2,0.0,0.5,0.3,0.03598362584311415
20170127,321,1,13,0,1,0.34823799133300781,0.5,0.3,0.08312177901767664
20170127,321,1,13,1,1,0.29826593399047852,0.5,0.3,0.1358456231168428
20170127,321,1,13,2,1,0.3149869441986084,0.5,0.3,0.025180936305188504
20170127,321,1,13,3,1,0.3479759693145752,0.5,0.3,0.0010744918210708776
20170127,321,1,13,4,2,0.33158397674560547,0.5,0.3,0.05141371457801012
20170127,321,1,13,5,2,0.0,0.5,0.3,0.20431538470839974
20170127,321,1,13,6,1,0.4480898380279541,0.5,0.3,0.26995506610010045
20170127,321,1,13,7,1,0.2981269359588623,0.5,0.3,0.20208647685986816
20170127,321,1,13,8,1,0.29819703102111816,0.5,0.3,0.12686505750088134
20170127,321,1,13,9,1,0.28144979476928711,0.5,0.3,0.2679493987073376
20170127,321,1,13,10,1,0.28139710426330566,0.5,0.3,0.12549116775234878
20170127,321,1,13,11,1,0.33157992362976074,0.5,0.3,0.022092493333575502
20170127,321,1,13,12,2,0.33108997344970703,0.5,0.3,0.11976081809089972
20170127,321,1,13,13,2,0.46474981307983398,0.5,0.3,0.17943487595501553
20170127,321,1,13,14,1,0.43158197402954102,0.5,0.3,0.2941722856315435
20170127,321,1,13,15,1,0.29808783531188965,0.5,0.3,0.12681954043814744
20170127,321,1,13,16,1,0.28161716461181641,0.5,0.3,0.178046148899021
20170127,321,1,13,17,1,0.29801511764526367,0.5,0.3,0.015218998969273978
20170127,321,1,13,18,2,0.28165388107299805,0.5,0.3,0.13509099649895137
20170127,321,1,13,19,2,0.0,0.5,0.3,0.23975586908412727
20170127,321,1,14,0,1,0.44822001457214355,0.5,0.3,0.09904433288536704
20170127,321,1,14,1,1,0.33135080337524414,0.5,0.3,0.10641394910415838
20170127,321,1,14,2,1,0.29825401306152344,0.5,0.3,0.12036680233147899
20170127,321,1,14,3,1,0.4981999397277832,0.5,0.3,0.1444394357387523
20170127,321,1,14,4,2,0.33146381378173828,0.5,0.3,0.008376540197637039
20170127,321,1,14,5,2,0.0,0.5,0.3,0.27830041669723665
20170127,321,1,14,6,1,0.56484389305114746,0.5,0.3,0.1716125278016654
20170127,321,1,14,7,1,0.31470203399658203,0.5,0.3,0.006085277338936113
20170127,321,1,14,8,1,0.39815497398376465,0.5,0.3,0.10497263257677523
20170127,321,1,14,9,1,0.38129997253417969,0.5,0.3,0.015872591865001204
20170127,321,1,14,10,1,0.46466898918151855,0.5,0.3,0.11660709150277215
20170127,321,1,14,11,1,0.29800295829772949,0.5,0.3,0.16034519830551017
20170127,321,1,14,12,2,0.61492300033569336,0.5,0.3,0.16817151024292806
20170127,321,1,14,13,2,0.41482710838317871,0.5,0.3,0.29720345334801396
20170127,321,1,14,14,1,0.43158197402954102,0.5,0.3,0.27522201443841093
20170127,321,1,14,15,1,0.29808783531188965,0.5,0.3,0.22087850608191958
20170127,321,1,14,16,1,0.28161716461181641,0.5,0.3,0.2743742647350946
20170127,321,1,14,17,1,0.29801511764526367,0.5,0.3,0.059247848280017446
20170127,321,1,14,18,2,0.28165388107299805,0.5,0.3,0.12414330079481252
20170127,321,1,14,19,2,0.0,0.5,0.3,0.06203955216109207
20170131,2,1,0,0,1,0.36181092262268066,0.5,0.3,0.08823088919838833
20170131,2,1,0,1,2,0.28131389617919922,0.5,0.3,0.2726753193052019
20170131,2,1,0,2,2,0.26465487480163574,0.5,0.3,0.03473902293528107
20170131,2,1,0,3,2,0.29800701141357422,0.5,0.3,0.08176634789211391
20170131,2,1,0,4,1,0.26468992233276367,0.5,0.3,0.04264205307919635
20170131,2,1,0,5,1,0.0,0.5,0.3,0.2466945618640662
20170131,2,1,0,6,1,0.29810094833374023,0.5,0.3,0.254965943065396
20170131,2,1,0,7,2,0.2813870906829834,0.5,0.3,0.012885032734326661
20170131,2,1,0,8,1,0.3147590160369873,0.5,0.3,0.12030192123984262
20170131,2,1,0,9,1,0.0,0.5,0.3,0.14315907805701816
20170131,2,1,0,10,1,0.31468701362609863,0.5,0.3,0.15174573568591448
20170131,2,1,0,11,1,0.31464004516601562,0.5,0.3,0.037647894759358966
20170131,2,1,0,12,2,0.24805712699890137,0.5,0.3,0.05285482803022625
20170131,2,1,0,13,1,0.26464700698852539,0.5,0.3,0.1463032941605856
20170131,2,1,0,14,2,0.24802494049072266,0.5,0.3,0.21052743884392816
20170131,2,1,0,15,2,0.23128390312194824,0.5,0.3,0.08018869752178924
20170131,2,1,0,16,1,0.0,0.5,0.3,0.22918675146715237
20170131,2,1,0,17,1,0.24821209907531738,0.5,0.3,0.0027457454149965254
20170131,2,1,0,18,2,0.41469907760620117,0.5,0.3,0.011851250820320514
20170131,2,1,0,19,1,0.29811787605285645,0.5,0.3,0.29864091532449605
20170131,2,1,1,0,1,0.39822697639465332,0.5,0.3,0.17809962473514057
20170131,2,1,1,1,2,0.24814915657043457,0.5,0.3,0.04558781313016099
20170131,2,1,1,2,2,0.24814295768737793,0.5,0.3,0.013572906984759114
20170131,2,1,1,3,2,0.29800701141357422,0.5,0.3,0.06726780885434823
20170131,2,1,1,4,1,0.38154697418212891,0.5,0.3,0.04931512481729853
20170131,2,1,1,5,1,0.34818601608276367,0.5,0.3,0.10177547093925095
20170131,2,1,1,6,1,0.26476907730102539,0.5,0.3,0.13729405453855567
20170131,2,1,1,7,2,0.29813408851623535,0.5,0.3,0.11401772273661104
20170131,2,1,1,8,1,0.29808497428894043,0.5,0.3,0.02462806362816088
20170131,2,1,1,9,1,0.36487507820129395,0.5,0.3,0.20357752858255798
20170131,2,1,1,10,1,0.33146905899047852,0.5,0.3,0.0230501037905245
20170131,2,1,1,11,1,0.31479382514953613,0.5,0.3,0.23732882522555815
20170131,2,1,1,12,2,0.24805712699890137,0.5,0.3,0.1040010727432536
20170131,2,1,1,13,1,0.31470394134521484,0.5,0.3,0.0657618086218468
20170131,2,1,1,14,2,0.24802494049072266,0.5,0.3,0.08847930201512084
20170131,2,1,1,15,2,0.24803900718688965,0.5,0.3,0.09873917864012667
20170131,2,1,1,16,1,0.44800281524658203,0.5,0.3,0.2343044630563902
20170131,2,1,1,17,1,0.3314661979675293,0.5,0.3,0.0544637870247783
20170131,2,1,1,18,2,0.41469907760620117,0.5,0.3,0.2205027626788971
20170131,2,1,1,19,1,0.2647101879119873,0.5,0.3,0.21363432231360718
20170201,323,1,0,0,1,0.40006613731384277,0.5,0.3,0.027087545352598573
20170201,323,1,0,1,1,0.3314671516418457,0.5,0.3,0.27170217026434235
20170201,323,1,0,2,1,0.0,0.5,0.3,0.15219309151535204
20170201,323,1,0,3,1,0.31484699249267578,0.5,0.3,0.26431492112681026
20170201,323,1,0,4,1,0.0,0.5,0.3,0.16890990318571994
20170201,323,1,0,5,1,0.31457304954528809,0.5,0.3,0.08639178911452045
20170201,323,1,0,6,1,0.36475300788879395,0.5,0.3,0.24336384663806132
20170201,323,1,0,7,1,0.31473398208618164,0.5,0.3,0.12474291614057263
20170201,323,1,0,8,1,0.33124709129333496,0.5,0.3,0.012403750564183191
20170201,323,1,0,9,1,0.36481499671936035,0.5,0.3,0.006245508830472368
20170201,323,1,0,10,1,0.33149909973144531,0.5,0.3,0.1406946196224687
20170201,323,1,0,11,2,0.34804010391235352,0.5,0.3,0.04129937879653565
20170201,323,1,0,12,1,0.33120894432067871,0.5,0.3,0.2563411625125116
20170201,323,1,0,13,1,0.61484599113464355,0.5,0.3,0.21098843694202615
20170201,323,1,0,14,1,0.34807801246643066,0.5,0.3,0.008274719311728762
20170201,323,1,0,15,1,0.34801483154296875,0.5,0.3,0.038871303705807624
20170201,323,1,0,16,1,0.33122515678405762,0.5,0.3,0.10246124431822885
20170201,323,1,0,17,2,0.26477408409118652,0.5,0.3,0.2726200063370431
20170201,323,1,0,18,2,0.34801602363586426,0.5,0.3,0.18961942724239841
20170201,323,1,0,19,1,0.3146979808807373,0.5,0.3,0.17445624583037256
20170201,323,1,1,0,1,0.29804301261901855,0.5,0.3,0.20913644039831794
20170201,323,1,1,1,1,0.26457095146179199,0.5,0.3,0.26417368666962643
20170201,323,1,1,2,1,0.2311251163482666,0.5,0.3,0.04127968677676267
20170201,323,1,1,3,1,0.3479468822479248,0.5,0.3,0.25966241967428955
20170201,323,1,1,4,1,0.31467795372009277,0.5,0.3,0.09348062888305722
20170201,323,1,1,5,1,0.34745502471923828,0.5,0.3,0.20055788125499
20170201,323,1,1,6,1,0.3146209716796875,0.5,0.3,0.27123433321450063
20170201,323,1,1,7,1,0.2813410758972168,0.5,0.3,0.294146295850835
20170201,323,1,1,8,1,0.18123102188110352,0.5,0.3,0.15827362246280838
20170201,323,1,1,9,1,0.29807686805725098,0.5,0.3,0.2475992529246325
20170201,323,1,1,10,1,0.24800801277160645,0.5,0.3,0.24019402936093426
20170201,323,1,1,11,2,0.24794292449951172,0.5,0.3,0.29875515503452843
20170201,323,1,1,12,1,0.28144598007202148,0.5,0.3,0.027803337766569302
20170201,323,1,1,13,1,0.39820313453674316,0.5,0.3,0.2855413601206101
20170201,323,1,1,14,1,0.31450796127319336,0.5,0.3,0.21308800149397186
20170201,323,1,1,15,1,0.34792709350585938,0.5,0.3,0.21697935139586214
20170201,323,1,1,16,1,0.3314359188079834,0.5,0.3,0.23648342203525585
20170201,323,1,1,17,2,0.26478910446166992,0.5,0.3,0.23012765367143198
20170201,323,1,1,18,2,0.43139004707336426,0.5,0.3,0.003961059030305613
20170201,323,1,1,19,1,0.51460599899291992,0.5,0.3,0.045246692933334665
20170201,323,1,2,0,1,0.41482996940612793,0.5,0.3,0.29400299363621585
20170201,323,1,2,1,1,0.31466293334960938,0.5,0.3,0.051095668864946694
20170201,323,1,2,2,1,0.2311251163482666,0.5,0.3,0.0767401998570354
20170201,323,1,2,3,1,0.264801025390625,0.5,0.3,0.2924262351173307
20170201,323,1,2,4,1,0.39806413650512695,0.5,0.3,0.21750803159390944
20170201,323,1,2,5,1,0.38166379928588867,0.5,0.3,0.14432239444622866
20170201,323,1,2,6,1,0.36483502388000488,0.5,0.3,0.17854478667101834
20170201,323,1,2,7,1,0.38150286674499512,0.5,0.3,0.17803439897915907
20170201,323,1,2,8,1,0.34808993339538574,0.5,0.3,0.25810447327566705
20170201,323,1,2,9,1,0.33151507377624512,0.5,0.3,0.20602647304093574
20170201,323,1,2,10,1,0.38147592544555664,0.5,0.3,0.08796248311242384
20170201,323,1,2,11,2,0.24794292449951172,0.5,0.3,0.10191271204652948
20170201,323,1,2,12,1,0.28144598007202148,0.5,0.3,0.02434446813375287
20170201,323,1,2,13,1,0.39825701713562012,0.5,0.3,0.017372861093617974
20170201,323,1,2,14,1,0.58156085014343262,0.5,0.3,0.1814945221354879
20170201,323,1,2,15,1,0.29801416397094727,0.5,0.3,0.27937076214415213
20170201,323,1,2,16,1,0.24792003631591797,0.5,0.3,0.09003478423966138
20170201,323,1,2,17,2,0.34809684753417969,0.5,0.3,0.14929151959493436
20170201,323,1,2,18,2,0.33153009414672852,0.5,0.3,0.04836206703055785
20170201,323,1,2,19,1,0.38120508193969727,0.5,0.3,0.23905455092602376
20170201,323,1,3,0,1,0.29774594306945801,0.5,0.3,0.1460102603304486
20170201,323,1,3,1,1,0.33143997192382812,0.5,0.3,0.0380910574722035
20170201,323,1,3,2,1,0.39796900749206543,0.5,0.3,0.07743430871650625
20170201,323,1,3,3,1,0.34786319732666016,0.5,0.3,0.17574440003014696
20170201,323,1,3,4,1,0.33134102821350098,0.5,0.3,0.1854782049615422
20170201,323,1,3,5,1,0.33138298988342285,0.5,0.3,0.2987908945127395
20170201,323,1,3,6,1,0.36467099189758301,0.5,0.3,0.28248838970670775
20170201,323,1,3,7,1,0.31475996971130371,0.5,0.3,0.06472147890550758
20170201,323,1,3,8,1,0.33128118515014648,0.5,0.3,0.09610165450261891
20170201,323,1,3,9,1,0.31463098526000977,0.5,0.3,0.28049937305596073
20170201,323,1,3,10,1,0.28142905235290527,0.5,0.3,0.04100108599217923
20170201,323,1,3,11,2,0.4146568775177002,0.5,0.3,0.24529345194069746
20170201,323,1,3,12,1,0.28144598007202148,0.5,0.3,0.16348604989091445
20170201,323,1,3,13,1,0.43130302429199219,0.5,0.3,0.08267810438228688
20170201,323,1,3,14,1,0.58156085014343262,0.5,0.3,0.1841536996540186
20170201,323,1,3,15,1,0.34792494773864746,0.5,0.3,0.2726314033493188
20170201,323,1,3,16,1,0.24792003631591797,0.5,0.3,0.28429546608637213
20170201,323,1,3,17,2,0.33117008209228516,0.5,0.3,0.052707793443378434
20170201,323,1,3,18,2,0.46461892127990723,0.5,0.3,0.13431135142135245
20170201,323,1,3,19,1,0.36454296112060547,0.5,0.3,0.09664840742915422
20170201,323,1,4,0,1,0.29774594306945801,0.5,0.3,0.14888422941063748
20170201,323,1,4,1,1,0.33143997192382812,0.5,0.3,0.06572107726643787
20170201,323,1,4,2,1,0.33143901824951172,0.5,0.3,0.19071800064219432
20170201,323,1,4,3,1,0.348175048828125,0.5,0.3,0.10084393022897112
20170201,323,1,4,4,1,0.39821314811706543,0.5,0.3,0.03396775898949036
20170201,323,1,4,5,1,0.39793801307678223,0.5,0.3,0.28861438746605134
20170201,323,1,4,6,1,0.34796309471130371,0.5,0.3,0.01547580728752036
20170201,323,1,4,7,1,0.43143081665039062,0.5,0.3,0.2935509944643675
20170201,323,1,4,8,1,0.39781498908996582,0.5,0.3,0.0853377595564589
20170201,323,1,4,9,1,0.31463098526000977,0.5,0.3,0.05767334609375465
20170201,323,1,4,10,1,0.28142905235290527,0.5,0.3,0.06228434396529527
20170201,323,1,4,11,2,0.29805397987365723,0.5,0.3,0.1545533370452293
20170201,323,1,4,12,1,0.28144598007202148,0.5,0.3,0.0651055342533605
20170201,323,1,4,13,1,0.33145499229431152,0.5,0.3,0.032911896078757406
20170201,323,1,4,14,1,0.49808001518249512,0.5,0.3,0.19497999015445597
20170201,323,1,4,15,1,0.39811301231384277,0.5,0.3,0.0889183821216435
20170201,323,1,4,16,1,0.36476993560791016,0.5,0.3,0.1950978579339253
20170201,323,1,4,17,2,0.33115887641906738,0.5,0.3,0.19353532312420735
20170201,323,1,4,18,2,0.33133912086486816,0.5,0.3,0.16668420669537903
20170201,323,1,4,19,1,0.3314669132232666,0.5,0.3,0.2975738973691242
20170201,323,1,5,0,1,0.33120989799499512,0.5,0.3,0.24716381283846486
20170201,323,1,5,1,1,0.34794402122497559,0.5,0.3,0.2777166515108686
20170201,323,1,5,2,1,0.29817795753479004,0.5,0.3,0.23483298721929108
20170201,323,1,5,3,1,0.33130407333374023,0.5,0.3,0.24126100079313972
20170201,323,1,5,4,1,0.33150410652160645,0.5,0.3,0.07340612540203667
20170201,323,1,5,5,1,0.39794301986694336,0.5,0.3,0.22853851548965579
20170201,323,1,5,6,1,0.31472206115722656,0.5,0.3,0.2637979389405305
20170201,323,1,5,7,1,0.28125119209289551,0.5,0.3,0.25607768094981653
20170201,323,1,5,8,1,0.38133406639099121,0.5,0.3,0.06753035528690468
20170201,323,1,5,9,1,0.38123607635498047,0.5,0.3,0.16839574455415532
20170201,323,1,5,10,1,0.33150506019592285,0.5,0.3,0.06093448436377626
20170201,323,1,5,11,2,0.33123898506164551,0.5,0.3,0.2640552016494094
20170201,323,1,5,12,1,0.34821414947509766,0.5,0.3,0.10758639450975117
20170201,323,1,5,13,1,0.33132386207580566,0.5,0.3,0.1722637881245172
20170201,323,1,5,14,1,0.29812288284301758,0.5,0.3,0.10716186954287393
20170201,323,1,5,15,1,0.31487894058227539,0.5,0.3,0.2150177341761504
20170201,323,1,5,16,1,0.29801297187805176,0.5,0.3,0.15349691477789254
20170201,323,1,5,17,2,0.29801106452941895,0.5,0.3,0.06228404489878888
20170201,323,1,5,18,2,0.41460609436035156,0.5,0.3,0.06858653804517856
20170201,323,1,5,19,1,0.36469697952270508,0.5,0.3,0.05799002860672746
20170201,323,1,6,0,1,0.33145880699157715,0.5,0.3,0.14743145191425666
20170201,323,1,6,1,1,0.29816293716430664,0.5,0.3,0.1588398816910567
20170201,323,1,6,2,1,0.33156085014343262,0.5,0.3,0.039926868572868264
20170201,323,1,6,3,1,0.34828495979309082,0.5,0.3,0.20405238758424415
20170201,323,1,6,4,1,0.3477940559387207,0.5,0.3,0.13833597060371144
20170201,323,1,6,5,1,0.33138799667358398,0.5,0.3,0.26533214614067485
20170201,323,1,6,6,1,0.29806709289550781,0.5,0.3,0.2535264236100219
20170201,323,1,6,7,1,0.31462717056274414,0.5,0.3,0.029554583152719548
20170201,323,1,6,8,1,0.33138799667358398,0.5,0.3,0.1800253907589288
20170201,323,1,6,9,1,0.38123607635498047,0.5,0.3,0.056081087464324275
20170201,323,1,6,10,1,0.33133482933044434,0.5,0.3,0.2995165784131444
20170201,323,1,6,11,2,0.3813469409942627,0.5,0.3,0.24481390034053904
20170201,323,1,6,12,1,0.28138589859008789,0.5,0.3,0.24298955747401052
20170201,323,1,6,13,1,0.44819498062133789,0.5,0.3,0.23945270637413094
20170201,323,1,6,14,1,0.2980191707611084,0.5,0.3,0.2737039802847652
20170201,323,1,6,15,1,0.3146059513092041,0.5,0.3,0.27198440189194556
20170201,323,1,6,16,1,0.28127408027648926,0.5,0.3,0.12748528355886188
20170201,323,1,6,17,2,0.44816899299621582,0.5,0.3,0.07885540848523032
20170201,323,1,6,18,2,0.34808206558227539,0.5,0.3,0.07117536817737907
20170201,323,1,6,19,1,0.33132600784301758,0.5,0.3,0.16798639693512588
20170201,323,1,7,0,1,0.34811305999755859,0.5,0.3,0.024003785865312932
20170201,323,1,7,1,1,0.49806404113769531,0.5,0.3,0.21089581239375363
20170201,323,1,7,2,1,0.5480201244354248,0.5,0.3,0.03941993432573386
20170201,323,1,7,3,1,0.36460208892822266,0.5,0.3,0.04957779891576825
20170201,323,1,7,4,1,0.3477940559387207,0.5,0.3,0.18933057701461997
20170201,323,1,7,5,1,0.33138799667358398,0.5,0.3,0.25468500351910595
20170201,323,1,7,6,1,0.43133997917175293,0.5,0.3,0.197196627006566
20170201,323,1,7,7,1,0.31462717056274414,0.5,0.3,0.11828355744470881
20170201,323,1,7,8,1,0.31458282470703125,0.5,0.3,0.16664177239869496
20170201,323,1,7,9,1,0.4811251163482666,0.5,0.3,0.06269142311610794
20170201,323,1,7,10,1,0.38149309158325195,0.5,0.3,0.2134470865443674
20170201,323,1,7,11,2,0.36500096321105957,0.5,0.3,0.007950512040300783
20170201,323,1,7,12,1,0.39801692962646484,0.5,0.3,0.1758937637161571
20170201,323,1,7,13,1,0.39813494682312012,0.5,0.3,0.23890359226784547
20170201,323,1,7,14,1,0.33140802383422852,0.5,0.3,0.16234995562525947
20170201,323,1,7,15,1,0.33142209053039551,0.5,0.3,0.16215681154638095
20170201,323,1,7,16,1,0.3314969539642334,0.5,0.3,0.06515937643248283
20170201,323,1,7,17,2,0.3314521312713623,0.5,0.3,0.165856989699193
20170201,323,1,7,18,2,0.2981410026550293,0.5,0.3,0.17775304936932204
20170201,323,1,7,19,1,0.33138895034790039,0.5,0.3,0.021443270443780627
20170201,323,1,8,0,1,0.38138604164123535,0.5,0.3,0.19134495422843842
20170201,323,1,8,1,1,0.34807801246643066,0.5,0.3,0.21830749601932306
20170201,323,1,8,2,1,0.29796695709228516,0.5,0.3,0.19433359864152638
20170201,323,1,8,3,1,0.3314979076385498,0.5,0.3,0.05893026405824084
20170201,323,1,8,4,1,0.36495709419250488,0.5,0.3,0.10635570915270746
20170201,323,1,8,5,1,0.34804821014404297,0.5,0.3,0.016596075568947377
20170201,323,1,8,6,1,0.36469292640686035,0.5,0.3,0.2584550535009664
20170201,323,1,8,7,1,0.26474285125732422,0.5,0.3,0.010533076599602053
20170201,323,1,8,8,1,0.31458282470703125,0.5,0.3,0.044915069125110785
20170201,323,1,8,9,1,0.29812192916870117,0.5,0.3,0.014034548907627497
20170201,323,1,8,10,1,0.46495223045349121,0.5,0.3,0.13088914152823164
20170201,323,1,8,11,2,0.39778304100036621,0.5,0.3,0.20649011646191642
20170201,323,1,8,12,1,0.33135294914245605,0.5,0.3,0.03529989654203738
20170201,323,1,8,13,1,0.36457991600036621,0.5,0.3,0.22750194600340976
20170201,323,1,8,14,1,0.29817605018615723,0.5,0.3,0.244113989164026
20170201,323,1,8,15,1,0.29807305335998535,0.5,0.3,0.19156946503125175
20170201,323,1,8,16,1,0.26477289199829102,0.5,0.3,0.057143500142565216
20170201,323,1,8,17,2,0.38134407997131348,0.5,0.3,0.05119884054505717
20170201,323,1,8,18,2,0.33130598068237305,0.5,0.3,0.2876440923565813
20170201,323,1,8,19,1,0.28124499320983887,0.5,0.3,0.1847790043700735
20170201,323,1,9,0,1,0.31455492973327637,0.5,0.3,0.25920278754831827
20170201,323,1,9,1,1,0.28147006034851074,0.5,0.3,0.1865311986454554
20170201,323,1,9,2,1,0.28146600723266602,0.5,0.3,0.23208110455579298
20170201,323,1,9,3,1,0.29808497428894043,0.5,0.3,0.1250939982004671
20170201,323,1,9,4,1,0.29830503463745117,0.5,0.3,0.03464805717491693
20170201,323,1,9,5,1,0.36467814445495605,0.5,0.3,0.0848411493193228
20170201,323,1,9,6,1,0.31449985504150391,0.5,0.3,0.025683031184854287
20170201,323,1,9,7,1,0.33127117156982422,0.5,0.3,0.24382652501560445
20170201,323,1,9,8,1,0.28133678436279297,0.5,0.3,0.20684726239280848
20170201,323,1,9,9,1,0.26457881927490234,0.5,0.3,0.20194952616559592
20170201,323,1,9,10,1,0.23125410079956055,0.5,0.3,0.2449238248174327
20170201,323,1,9,11,2,0.29794502258300781,0.5,0.3,0.2665943059332979
20170201,323,1,9,12,1,0.26471400260925293,0.5,0.3,0.008069455688793735
20170201,323,1,9,13,1,0.29803299903869629,0.5,0.3,0.07142799721670472
20170201,323,1,9,14,1,0.26456999778747559,0.5,0.3,0.04478195710488995
20170201,323,1,9,15,1,0.38141989707946777,0.5,0.3,0.25457746751470617
20170201,323,1,9,16,1,0.3479311466217041,0.5,0.3,0.1087572399288996
20170201,323,1,9,17,2,0.3314208984375,0.5,0.3,0.17380859448061245
20170201,323,1,9,18,2,0.34824895858764648,0.5,0.3,0.005326214451706446
20170201,323,1,9,19,1,0.28124499320983887,0.5,0.3,0.19586510727518447
20170201,323,1,10,0,1,0.41476297378540039,0.5,0.3,0.20885800685337333
20170201,323,1,10,1,1,0.38127303123474121,0.5,0.3,0.19061633815902324
20170201,323,1,10,2,1,0.29811286926269531,0.5,0.3,0.04302872601619837
20170201,323,1,10,3,1,0.33151388168334961,0.5,0.3,0.1724336933787403
20170201,323,1,10,4,1,0.29830503463745117,0.5,0.3,0.2715269289191438
20170201,323,1,10,5,1,0.28134584426879883,0.5,0.3,0.14577050224296068
20170201,323,1,10,6,1,0.44818115234375,0.5,0.3,0.27893251164802724
20170201,323,1,10,7,1,0.29811811447143555,0.5,0.3,0.10670999763592566
20170201,323,1,10,8,1,0.28133678436279297,0.5,0.3,0.03881669715414494
20170201,323,1,10,9,1,0.26485109329223633,0.5,0.3,0.13913893452583134
20170201,323,1,10,10,1,0.38151812553405762,0.5,0.3,0.00177783428206425
20170201,323,1,10,11,2,0.34814906120300293,0.5,0.3,0.2610363123330832
20170201,323,1,10,12,1,0.26471400260925293,0.5,0.3,0.21117795541765133
20170201,323,1,10,13,1,0.33126401901245117,0.5,0.3,0.03908134403201461
20170201,323,1,10,14,1,0.39795207977294922,0.5,0.3,0.15067957377935587
20170201,323,1,10,15,1,0.23142099380493164,0.5,0.3,0.09741894514487572
20170201,323,1,10,16,1,0.3479311466217041,0.5,0.3,0.06957008793560013
20170201,323,1,10,17,2,0.28113198280334473,0.5,0.3,0.10347062339180634
20170201,323,1,10,18,2,0.41469788551330566,0.5,0.3,0.11585526923121811
20170201,323,1,10,19,1,0.33132004737854004,0.5,0.3,0.23626599125058828
20170201,323,1,11,0,1,0.28138589859008789,0.5,0.3,0.08763411200125706
20170201,323,1,11,1,1,0.3813169002532959,0.5,0.3,0.09956892624895904
20170201,323,1,11,2,1,0.33138489723205566,0.5,0.3,0.1311357986314828
20170201,323,1,11,3,1,0.43139910697937012,0.5,0.3,0.2609011988705482
20170201,323,1,11,4,1,0.2815849781036377,0.5,0.3,0.03790593295737508
20170201,323,1,11,5,1,0.44804596900939941,0.5,0.3,0.2780911783193037
20170201,323,1,11,6,1,0.36466503143310547,0.5,0.3,0.030685964792350195
20170201,323,1,11,7,1,0.41466999053955078,0.5,0.3,0.006145073432810588
20170201,323,1,11,8,1,0.41475605964660645,0.5,0.3,0.07790463369295915
20170201,323,1,11,9,1,0.38158392906188965,0.5,0.3,0.05196241287346957
20170201,323,1,11,10,1,0.38151812553405762,0.5,0.3,0.21617118220934337
20170201,323,1,11,11,2,0.26469087600708008,0.5,0.3,0.008458619541533862
20170201,323,1,11,12,1,0.36469292640686035,0.5,0.3,0.2394525833442399
20170201,323,1,11,13,1,0.36467504501342773,0.5,0.3,0.26884294480964566
20170201,323,1,11,14,1,0.31465792655944824,0.5,0.3,0.06050251366123063
20170201,323,1,11,15,1,0.39799904823303223,0.5,0.3,0.052556757342243764
20170201,323,1,11,16,1,0.31473517417907715,0.5,0.3,0.024091721993782077
20170201,323,1,11,17,2,0.36470293998718262,0.5,0.3,0.0063526000845049
20170201,323,1,11,18,2,0.41469788551330566,0.5,0.3,0.10955287824432314
20170201,323,1,11,19,1,0.26454901695251465,0.5,0.3,0.18073740293598473
20170201,323,1,12,0,1,0.3815150260925293,0.5,0.3,0.2018233990502782
20170201,323,1,12,1,1,0.4812629222869873,0.5,0.3,0.13184944776675586
20170201,323,1,12,2,1,0.34825992584228516,0.5,0.3,0.1688272797534837
20170201,323,1,12,3,1,0.29797601699829102,0.5,0.3,0.03147786106358421
20170201,323,1,12,4,1,0.43113803863525391,0.5,0.3,0.12227221343509549
20170201,323,1,12,5,1,0.3644559383392334,0.5,0.3,0.24281208329097376
20170201,323,1,12,6,1,0.31467509269714355,0.5,0.3,0.18784615216131065
20170201,323,1,12,7,1,0.33121395111083984,0.5,0.3,0.12177708085859827
20170201,323,1,12,8,1,0.36461091041564941,0.5,0.3,0.04873595061930636
20170201,323,1,12,9,1,0.39790201187133789,0.5,0.3,0.24951088453679598
20170201,323,1,12,10,1,0.38145709037780762,0.5,0.3,0.06728346542051636
20170201,323,1,12,11,2,0.38134479522705078,0.5,0.3,0.2636043890687328
20170201,323,1,12,12,1,0.36469292640686035,0.5,0.3,0.25721662431076564
20170201,323,1,12,13,1,0.29818892478942871,0.5,0.3,0.15159353331060715
20170201,323,1,12,14,1,0.31465792655944824,0.5,0.3,0.054710231707129554
20170201,323,1,12,15,1,0.39799904823303223,0.5,0.3,0.16834828699022963
20170201,323,1,12,16,1,0.31473517417907715,0.5,0.3,0.11113043584304913
20170201,323,1,12,17,2,0.24799013137817383,0.5,0.3,0.07420871046830806
20170201,323,1,12,18,2,0.41469788551330566,0.5,0.3,0.23313896635184003
20170201,323,1,12,19,1,0.44811487197875977,0.5,0.3,0.16536742182262568
20170201,323,1,13,0,1,0.3815150260925293,0.5,0.3,0.1038243962368622
20170201,323,1,13,1,1,0.4812629222869873,0.5,0.3,0.1986335321158287
20170201,323,1,13,2,1,0.34825992584228516,0.5,0.3,0.010999538843531541
20170201,323,1,13,3,1,0.29797601699829102,0.5,0.3,0.1578812852898231
20170201,323,1,13,4,1,0.46474313735961914,0.5,0.3,0.06674538305810528
20170201,323,1,13,5,1,0.58145380020141602,0.5,0.3,0.08599421267463582
20170201,323,1,13,6,1,0.3811790943145752,0.5,0.3,0.18109247612085058
20170201,323,1,13,7,1,0.31464505195617676,0.5,0.3,0.11226458883077675
20170201,323,1,13,8,1,0.36461091041564941,0.5,0.3,0.2656830085993666
20170201,323,1,13,9,1,0.41490483283996582,0.5,0.3,0.20687375260638532
20170201,323,1,13,10,1,0.41492795944213867,0.5,0.3,0.09954656150338728
20170201,323,1,13,11,2,0.33124399185180664,0.5,0.3,0.2100348325515289
20170201,323,1,13,12,1,0.33112597465515137,0.5,0.3,0.1691616643476075
20170201,323,1,13,13,1,0.34796905517578125,0.5,0.3,0.13722040756767115
20170201,323,1,13,14,1,0.36480808258056641,0.5,0.3,0.24689387321095785
20170201,323,1,13,15,1,0.31487703323364258,0.5,0.3,0.10960001271138056
20170201,323,1,13,16,1,0.33136701583862305,0.5,0.3,0.18034148397424246
20170201,323,1,13,17,2,0.43151021003723145,0.5,0.3,0.08782821100777649
20170201,323,1,13,18,2,0.36475110054016113,0.5,0.3,0.22808481365219177
20170201,323,1,13,19,1,0.36474108695983887,0.5,0.3,0.11848011184657607
20170201,323,1,14,0,1,0.3146209716796875,0.5,0.3,0.0979083727074505
20170201,323,1,14,1,1,0.36454606056213379,0.5,0.3,0.15249605127435387
20170201,323,1,14,2,1,0.46451497077941895,0.5,0.3,0.26886261336102096
20170201,323,1,14,3,1,0.39797401428222656,0.5,0.3,0.027797459183232953
20170201,323,1,14,4,1,0.33149313926696777,0.5,0.3,0.0730096937271222
20170201,323,1,14,5,1,0.38016200065612793,0.5,0.3,0.1122119883043392
20170201,323,1,14,6,1,0.36453008651733398,0.5,0.3,0.29067622156107725
20170201,323,1,14,7,1,0.33134078979492188,0.5,0.3,0.26033438359022326
20170201,323,1,14,8,1,0.33127689361572266,0.5,0.3,0.011533678388933143
20170201,323,1,14,9,1,0.43131184577941895,0.5,0.3,0.22726701129293744
20170201,323,1,14,10,1,0.31477785110473633,0.5,0.3,0.2984502860256704
20170201,323,1,14,11,2,0.33124399185180664,0.5,0.3,0.21933877592824835
20170201,323,1,14,12,1,0.2979729175567627,0.5,0.3,0.17295636275461548
20170201,323,1,14,13,1,0.41468691825866699,0.5,0.3,0.10665389836141002
20170201,323,1,14,14,1,0.34798908233642578,0.5,0.3,0.13075705101828403
20170201,323,1,14,15,1,0.33128499984741211,0.5,0.3,0.014123513080143368
20170201,323,1,14,16,1,0.36480402946472168,0.5,0.3,0.056870525910803736
20170201,323,1,14,17,2,0.29801177978515625,0.5,0.3,0.1928667468670289
20170201,323,1,14,18,2,0.36457109451293945,0.5,0.3,0.1642361647901925
20170201,323,1,14,19,1,0.29803013801574707,0.5,0.3,0.2767020051216637
